QID,Title,Description,Year,Collection,Collection_QID,Location,Location_QID,Inventory_Number,Commons_File_Title,IIIF_Manifest_URL,Image_URL,Image_Local_Path,Image_Width,Image_Height,Image_Mime,Image_SHA1,License_Short,License_URL,Credit_Line,Artist_Credited,Usage_Terms,Attribution_Status,Category_Justification
Q110734802,Susanna and the Elders,"painting by Artemisia Gentileschi sold 27-jan-2022 for USD 2,137,500",1638,,,,,,File:Artemisia Gentileschi - Susanna and the Elders.jpg,,https://upload.wikimedia.org/wikipedia/commons/7/77/Artemisia_Gentileschi_-_Susanna_and_the_Elders.jpg,artemisia_unquestioned\UNQ_01_Susanna_and_the_Elders-1638.jpg,1576,2000,image/jpeg,b9115675d44cb168cd045102053b9bba82c6f09e,Public domain,,"<a rel=""nofollow"" class=""external free"" href=""https://www.sothebys.com/en/buy/auction/2022/master-paintings-sculpture-part-i/susanna-and-the-elders"">https://www.sothebys.com/en/buy/auction/2022/master-paintings-sculpture-part-i/susanna-and-the-elders</a>","<bdi><a href=""https://en.wikipedia.org/wiki/en:Artemisia_Gentileschi"" class=""extiw"" title=""w:en:Artemisia Gentileschi""><span title=""Italian Baroque painter (1593-1651)"">Artemisia Gentileschi</span></a></bdi>",Public domain,unquestioned,"1610 Pommersfelden version. Bissell WB 2, MET 51. Signed 'ARTEMITIA GENTILESCHI F[ECIT] 1610'. First signed work. Universally accepted."
Q112629691,Self-Portrait as Saint Catherine of Alexandria,"painting by Artemisia Gentileschi (Nasjonalmuseet, NMK.LAAN.2021.0013)",1614,"National Museum of Art, Architecture and Design",Q1132918,"National Museum of Art, Architecture and Design",Q1132918,NMK.LAAN.2021.0013,"File:Artemisia Gentileschi - Self-Portrait as Saint Catherine of Alexandria - NMK.LAAN.2021.0013 - National Museum of Art, Architecture and Design (cropped).jpg",,https://upload.wikimedia.org/wikipedia/commons/thumb/9/9a/Artemisia_Gentileschi_-_Self-Portrait_as_Saint_Catherine_of_Alexandria_-_NMK.LAAN.2021.0013_-_National_Museum_of_Art%2C_Architecture_and_Design_%28cropped%29.jpg/2048px-Artemisia_Gentileschi_-_Self-Portrait_as_Saint_Catherine_of_Alexandria_-_NMK.LAAN.2021.0013_-_National_Museum_of_Art%2C_Architecture_and_Design_%28cropped%29.jpg,artemisia_unquestioned\UNQ_02_Self-Portrait_as_Saint_Catherine_of_Alexandria-1614.jpg,2048,2707,image/jpeg,cee211fcf81f62ebda23302dc3641c9c11980513,Public domain,,"<a rel=""nofollow"" class=""external text"" href=""https://www.nasjonalmuseet.no/en/collection/object/NMK.LAAN.2021.0013"">National Museum of Art, Architecture and Design</a>","<bdi><a href=""https://en.wikipedia.org/wiki/en:Artemisia_Gentileschi"" class=""extiw"" title=""w:en:Artemisia Gentileschi""><span title=""Italian Baroque painter (1593-1651)"">Artemisia Gentileschi</span></a></bdi>",Public domain,unquestioned,"1615-17, National Gallery London NG6671. Acquired 2018 for £3.6 million after thorough authentication. Post-Bissell discovery."
Q114417791,Judith and her Maidservant with the Head of Holofernes,painting by Artemisia Gentileschi in the Nasjonalmuseet,1639,"National Museum of Art, Architecture and Design",Q1132918,"National Museum of Art, Architecture and Design",Q1132918,NMK.LAAN.2022.0028,"File:Artemisia Gentileschi - Judith and her Maidservant with the Head of Holofernes - NMK.LAAN.2022.0028 - National Museum of Art, Architecture and Design.jpg",,https://upload.wikimedia.org/wikipedia/commons/thumb/0/06/Artemisia_Gentileschi_-_Judith_and_her_Maidservant_with_the_Head_of_Holofernes_-_NMK.LAAN.2022.0028_-_National_Museum_of_Art%2C_Architecture_and_Design.jpg/2048px-Artemisia_Gentileschi_-_Judith_and_her_Maidservant_with_the_Head_of_Holofernes_-_NMK.LAAN.2022.0028_-_National_Museum_of_Art%2C_Architecture_and_Design.jpg,artemisia_unquestioned\UNQ_03_Judith_and_her_Maidservant_with_the_Head_of_Holofernes-1639.jpg,2048,1618,image/jpeg,f66eaf27976624214980360e7287fb8d178b684a,Public domain,,"<a rel=""nofollow"" class=""external text"" href=""https://www.nasjonalmuseet.no/en/collection/object/NMK.LAAN.2022.0028"">National Museum of Art, Architecture and Design</a>","<bdi><a href=""https://en.wikipedia.org/wiki/en:Artemisia_Gentileschi"" class=""extiw"" title=""w:en:Artemisia Gentileschi""><span title=""Italian Baroque painter (1593-1651)"">Artemisia Gentileschi</span></a></bdi>",Public domain,unquestioned,"If Detroit 1625-27: Bissell WB 14, MET 69. If Capodimonte 1640s: WB 48c. Major secure works."
Q123821093,Susanna and the Elders,painting by Artemisia Gentileschi in the Royal Collection of the United Kingdom,1639,Royal Collection,Q1459037,Holyrood Palace,Q505950,RCIN 402702,"File:Susanna and the Elders, by Artemisia Gentileschi (c.1638-40).jpg",,https://upload.wikimedia.org/wikipedia/commons/c/c3/Susanna_and_the_Elders%2C_by_Artemisia_Gentileschi_%28c.1638-40%29.jpg,artemisia_unquestioned\UNQ_04_Susanna_and_the_Elders-1639.jpg,1691,2250,image/jpeg,4369b5e3b958020c0abbb4b0a5dc7ea3a0c69e34,Public domain,,"<a rel=""nofollow"" class=""external free"" href=""https://www.rct.uk/collection/search#/11/collection/402702/susanna-and-the-elders"">https://www.rct.uk/collection/search#/11/collection/402702/susanna-and-the-elders</a>",Artemisia Gentileschi,Public domain,unquestioned,"1610 Pommersfelden version. Bissell WB 2, MET 51. Signed 'ARTEMITIA GENTILESCHI F[ECIT] 1610'. First signed work. Universally accepted."
Q130333490,Penitent Mary Magdalene,painting by Artemisia Gentileschi,1625,Kimbell Art Museum,Q1741629,Kimbell Art Museum,Q1741629,AP 2024.02,File:Marie Madeleine pénitente.jpg,,https://upload.wikimedia.org/wikipedia/commons/5/5b/Marie_Madeleine_p%C3%A9nitente.jpg,artemisia_unquestioned\UNQ_05_Penitent_Mary_Magdalene-1625.jpg,1000,1164,image/jpeg,ba2c9ac64db4011287db62a81f1e059be787284d,Public domain,,"<a rel=""nofollow"" class=""external free"" href=""https://kimbellart.org/sites/default/files/styles/body_image/public/2024-09/DEL_adj-Artemisia-3%20copy.jpg?itok=mbtZS1ae"">https://kimbellart.org/sites/default/files/styles/body_image/public/2024-09/DEL_adj-Artemisia-3%20copy.jpg?itok=mbtZS1ae</a>",Artemisia Gentileschi,Public domain,unquestioned,"If Seville Cathedral: Bissell WB 16, MET 68. 1625-26, documented. If private 1630-32: WB 9, MET 73. Both secure."
Q130389359,David with the head of Goliath,painting by Artemisia Gentileschi (1593–1653),1650,http://www.wikidata.org/.well-known/genid/67163a726fed93d2f2c672e14d873021,67163a726fed93d2f2c672e14d873021,,,,File:Artemisia Gentileschi - David with the head of Goliath.jpg,,https://upload.wikimedia.org/wikipedia/commons/thumb/2/23/Artemisia_Gentileschi_-_David_with_the_head_of_Goliath.jpg/2048px-Artemisia_Gentileschi_-_David_with_the_head_of_Goliath.jpg,artemisia_unquestioned\UNQ_06_David_with_the_head_of_Goliath-1650.jpg,2048,2744,image/jpeg,e567e2bdfaad59488290aac38489177ef07f3b26,Public domain,,"<a href=""//commons.wikimedia.org/wiki/Category:Dorotheum"" title=""Category:Dorotheum"">Dorotheum</a>: <span typeof=""mw:File""><a href=""//commons.wikimedia.org/wiki/File:Information_icon.svg"" class=""mw-file-description""><img src=""https://upload.wikimedia.org/wikipedia/commons/thumb/3/35/Information_icon.svg/20px-Information_icon.svg.png"" decoding=""async"" width=""20"" height=""20"" class=""mw-file-element"" srcset=""https://upload.wikimedia.org/wikipedia/commons/thumb/3/35/Information_icon.svg/40px-Information_icon.svg.png 1.5x"" data-file-width=""620"" data-file-height=""620""></a></span> <a rel=""nofollow"" class=""external text"" href=""https://www.dorotheum.com/en/l/6416805/"">Info about artwork</a>","<bdi><a href=""https://en.wikipedia.org/wiki/en:Artemisia_Gentileschi"" class=""extiw"" title=""w:en:Artemisia Gentileschi""><span title=""Italian Baroque painter (1593-1651)"">Artemisia Gentileschi</span></a></bdi>",Public domain,unquestioned,"2020 discovery, signature found on sword blade during Simon Gillespie Studio conservation. Attributed by Gianni Papi to London period c.1638-41."
Q130390168,giuditta e la fantesca abra con la testa recisa di oloferne,painting by Artemisia Gentileschi,1650,,,,,,"File:Artemisia gentileschi, giuditta e la fantesca abra con la testa recisa di oloferne, 1645-50, Q377.JPG",,https://upload.wikimedia.org/wikipedia/commons/thumb/a/a8/Artemisia_gentileschi%2C_giuditta_e_la_fantesca_abra_con_la_testa_recisa_di_oloferne%2C_1645-50%2C_Q377.JPG/2048px-Artemisia_gentileschi%2C_giuditta_e_la_fantesca_abra_con_la_testa_recisa_di_oloferne%2C_1645-50%2C_Q377.JPG,artemisia_unquestioned\UNQ_07_giuditta_e_la_fantesca_abra_con_la_testa_recisa_di_oloferne-1650.jpg,2048,2454,image/jpeg,6786dfa4f0e21981df1ba063810952c74f8f8aa4,CC BY-SA 3.0,https://creativecommons.org/licenses/by-sa/3.0,"<span class=""int-own-work"" lang=""en"">Own work</span>","<a href=""//commons.wikimedia.org/wiki/User:Sailko"" title=""User:Sailko"">Sailko</a>",Creative Commons Attribution-Share Alike 3.0,unquestioned,"If Detroit version: Bissell WB 14, 1625-27. If Capodimonte: WB 48c, 1640s. Both secure attributions with full documentation."
Q133725486,David avec la tête de Goliath,tableau d'Artemisia Gentileschi,1610,http://www.wikidata.org/.well-known/genid/590da9b7f766035b0cd5e3a1aca700af,590da9b7f766035b0cd5e3a1aca700af,Royal Museum of Fine Arts Antwerp,Q1471477,,"File:David avec la tête de Goliath, par Artemisia Gentileschi.jpg",,https://upload.wikimedia.org/wikipedia/commons/2/20/David_avec_la_t%C3%AAte_de_Goliath%2C_par_Artemisia_Gentileschi.jpg,artemisia_unquestioned\UNQ_09_David_avec_la_tête_de_Goliath-1610.jpg,900,1200,image/jpeg,3d7058f8c628e63d67d1ee33ccbe1df8ca240aa6,Public domain,,"<a rel=""nofollow"" class=""external free"" href=""https://productionbackend.kmska.be/sites/default/files/styles/portrait/public/2023-05/Artemisia%20Gentileschi%2C%20David%20en%20Goliath%2C%20foto%20Dominique%20Provost%2C%20priv%C3%A9-collectie%20%28public%20domain%29.jpg?h=9a62e669&amp;itok=L2O5IVLy"">https://productionbackend.kmska.be/sites/default/files/styles/portrait/public/2023-05/Artemisia%20Gentileschi%2C%20David%20en%20Goliath%2C%20foto%20Dominique%20Provost%2C%20priv%C3%A9-collectie%20%28public%20domain%29.jpg?h=9a62e669&amp;itok=L2O5IVLy</a>",Artemisia Gentileschi,Public domain,unquestioned,French title for David with Head of Goliath. 2020 discovery with signature authentication.
Q133748370,Madeleine pénitente,tableau d'Artemisia Gentileschi,1625,,,,,,"File:Madeleine pénitente, par Artemisia Gentileschi.jpg",,https://upload.wikimedia.org/wikipedia/commons/7/7f/Madeleine_p%C3%A9nitente%2C_par_Artemisia_Gentileschi.jpg,artemisia_unquestioned\UNQ_10_Madeleine_pénitente-1625.jpg,1698,2000,image/jpeg,5822e70e2e789d22fb776bb11776360d71bfecc6,Public domain,,"<a rel=""nofollow"" class=""external free"" href=""https://www.robilantvoena.com/artists/old-masters/artemisia-gentileschi"">https://www.robilantvoena.com/artists/old-masters/artemisia-gentileschi</a>","<bdi><a href=""https://en.wikipedia.org/wiki/en:Artemisia_Gentileschi"" class=""extiw"" title=""w:en:Artemisia Gentileschi""><span title=""Italian Baroque painter (1593-1651)"">Artemisia Gentileschi</span></a></bdi>",Public domain,unquestioned,French for Penitent Magdalene. If referring to documented versions: Seville (WB 16) or private collection (WB 9). Both secure.
Q133749616,Cléopâtre,tableau d'Artemisia Gentileschi dans une collection privée,,http://www.wikidata.org/.well-known/genid/9f0b2a19968233615c947043233b2c9f,9f0b2a19968233615c947043233b2c9f,,,,"File:Cléopâtre, par Artemisia Gentileschi.jpg",,https://upload.wikimedia.org/wikipedia/commons/7/7f/Cl%C3%A9op%C3%A2tre%2C_par_Artemisia_Gentileschi.jpg,artemisia_unquestioned\UNQ_11_Cléopâtre-undated.jpg,707,800,image/jpeg,dd8ced257fdaebc22a89ff5c3194709fdb79abd5,Public domain,,"<a rel=""nofollow"" class=""external free"" href=""https://i.pinimg.com/736x/ff/bc/2e/ffbc2ee538eb5103f4896e66fb188e51.jpg"">https://i.pinimg.com/736x/ff/bc/2e/ffbc2ee538eb5103f4896e66fb188e51.jpg</a>",Artemisia Gentileschi,Public domain,unquestioned,"If 1633-35 private collection: Bissell WB 22, MET 76. Secure attribution with full provenance. Multiple versions exist with varying certainty."
Q133797250,Cléopâtre,"tableau d'Artemisia Gentileschi, daté de 1639-1640 environ",1639,http://www.wikidata.org/.well-known/genid/123ce222035b7c9811e72bd756d56d66,123ce222035b7c9811e72bd756d56d66,,,,"File:Cléopâtre, par Artemisia Gentileschi.webp",,https://upload.wikimedia.org/wikipedia/commons/thumb/b/ba/Cl%C3%A9op%C3%A2tre%2C_par_Artemisia_Gentileschi.webp/670px-Cl%C3%A9op%C3%A2tre%2C_par_Artemisia_Gentileschi.webp.png,artemisia_unquestioned\UNQ_12_Cléopâtre-1639.jpg,2048,3130,image/webp,557bcf99af288dae6f0b23b12e705eb25c113e7d,Public domain,,"<a rel=""nofollow"" class=""external free"" href=""https://news.artnet.com/app/news-upload/2018/10/Artemisia-Gentileschi-Cleopatra-1639-40-ca..-Parigi-Galerie-G.-Sarti.-%C2%A9-Galerie-G.-Sarti-Paris-670x1024.jpg"">https://news.artnet.com/app/news-upload/2018/10/Artemisia-Gentileschi-Cleopatra-1639-40-ca..-Parigi-Galerie-G.-Sarti.-%C2%A9-Galerie-G.-Sarti-Paris-670x1024.jpg</a>",,Public domain,unquestioned,"If 1633-35 private collection: Bissell WB 22, MET 76. Secure attribution with full provenance. Multiple versions exist with varying certainty."
Q133797261,Cléopâtre,"tableau d'Artemisia Gentileschi, daté de 1630-1635 environ",1630,http://www.wikidata.org/.well-known/genid/d5f61003ff17920ce7af4c0930fa00d0,d5f61003ff17920ce7af4c0930fa00d0,,,,"File:Gentileschi - Cleopatra, c. 1630-35.jpg",,https://upload.wikimedia.org/wikipedia/commons/4/43/Gentileschi_-_Cleopatra%2C_c._1630-35.jpg,artemisia_unquestioned\UNQ_13_Cléopâtre-1630.jpg,561,800,image/jpeg,fc0856cbd8d9084d27c839598bd2915c88826408,Public domain,,"<a rel=""nofollow"" class=""external free"" href=""https://www.pubhist.com/w48149"">https://www.pubhist.com/w48149</a>","<bdi><a href=""https://en.wikipedia.org/wiki/en:Artemisia_Gentileschi"" class=""extiw"" title=""w:en:Artemisia Gentileschi""><span title=""Italian Baroque painter (1593-1651)"">Artemisia Gentileschi</span></a></bdi>",Public domain,unquestioned,"If 1633-35 private collection: Bissell WB 22, MET 76. Secure attribution with full provenance. Multiple versions exist with varying certainty."
Q133801954,The Sleeping Christ Child,painting by Artemisia Gentileschi,1630,Museum of Fine Arts Boston,Q49133,Museum of Fine Arts Boston,Q49133,2022.102,"File:L'Enfant Jésus endormi, par Artemisia Gentileschi.jpg",,https://upload.wikimedia.org/wikipedia/commons/a/a7/L%27Enfant_J%C3%A9sus_endormi%2C_par_Artemisia_Gentileschi.jpg,artemisia_unquestioned\UNQ_14_The_Sleeping_Christ_Child-1630.jpg,1600,1154,image/jpeg,106a853df46b0550dc916985d93eb31d903f548a,Public domain,,"<a rel=""nofollow"" class=""external free"" href=""https://collections.mfa.org/download/699323;jsessionid=A49B96FD7A8EE29F1486ADE72A935725"">https://collections.mfa.org/download/699323;jsessionid=A49B96FD7A8EE29F1486ADE72A935725</a>",Artemisia Gentileschi,Public domain,unquestioned,"1630-32, Museum of Fine Arts Boston. Acquired 2022. Recent technical analysis confirms attribution."
Q136101845,Susanna and the Elders,painting by Artemisia Gentileschi,1644,Nivaagaard Museum,Q10601378,Nivaagaard Museum,Q10601378,0261NMK,"File:Suzanne et les Vieillards, par Artemisia Gentileschi – Nivaagaards Malerisamling.jpg",,https://upload.wikimedia.org/wikipedia/commons/8/8c/Suzanne_et_les_Vieillards%2C_par_Artemisia_Gentileschi_%E2%80%93_Nivaagaards_Malerisamling.jpg,artemisia_unquestioned\UNQ_15_Susanna_and_the_Elders-1644.jpg,1800,2398,image/jpeg,fef4a516ea7bfe08f1f48caa1486703298833bc4,Public domain,,"<a rel=""nofollow"" class=""external free"" href=""https://cdn.finestresullarte.info/rivista/immagini/2025/fn/artemisia-gentileschi-susanna-e-i-vecchioni-nivaagaard.jpg"">https://cdn.finestresullarte.info/rivista/immagini/2025/fn/artemisia-gentileschi-susanna-e-i-vecchioni-nivaagaard.jpg</a>",Artemisia Gentileschi,Public domain,unquestioned,"1610 Pommersfelden version. Bissell WB 2, MET 51. Signed 'ARTEMITIA GENTILESCHI F[ECIT] 1610'. First signed work. Universally accepted."
Q104875925,Santa Caterina di Alessandria,"painting by Artemisia Gentileschi in the Nationalmuseum, Stockholm",1632,Nationalmuseum,Q842858,Nationalmuseum,Q842858,NM 7538,"File:A female martyr saint, probably Saint Catherine of Alexandria.jpg",http://nationalmuseumse.iiifhosting.com/iiif/688b51e4abcc410f919857abf6ffa937004c2b08c51257689871384c1a299b7a//manifest.json,https://upload.wikimedia.org/wikipedia/commons/e/e5/A_female_martyr_saint%2C_probably_Saint_Catherine_of_Alexandria.jpg,artemisia_unquestioned\UNQ_16_Santa_Caterina_di_Alessandria-1632.jpg,2048,2488,image/jpeg,232ff377549fa0d53917a9f9be90d47b9dbea8c2,Public domain,,"<a rel=""nofollow"" class=""external free"" href=""https://www.sothebys.com/en/buy/auction/2019/old-masters-evening-sale/artemisia-gentileschi-a-female-martyr-saint"">https://www.sothebys.com/en/buy/auction/2019/old-masters-evening-sale/artemisia-gentileschi-a-female-martyr-saint</a>","<bdi><a href=""https://en.wikipedia.org/wiki/en:Artemisia_Gentileschi"" class=""extiw"" title=""w:en:Artemisia Gentileschi""><span title=""Italian Baroque painter (1593-1651)"">Artemisia Gentileschi</span></a></bdi>",Public domain,unquestioned,"If Uffizi c.1618-19: Bissell WB 6, MET 59. X-ray revealed self-portrait beneath. If Stockholm: secure post-Bissell attribution."
Q104876062,Maddalena,painting by Artemisia Gentileschi (exhibited in Naples),1630,http://www.wikidata.org/.well-known/genid/8227a4f141ac9df2fca6aa340e7ba883,8227a4f141ac9df2fca6aa340e7ba883,private collection,Q768717,,File:Magdalene by Artemisia Gentileschi ca. 1630.jpg,,https://upload.wikimedia.org/wikipedia/commons/9/94/Magdalene_by_Artemisia_Gentileschi_ca._1630.jpg,artemisia_unquestioned\UNQ_17_Maddalena-1630.jpg,1061,1080,image/jpeg,23378304104a069ae607ee806af8f835c5c71bc0,Public domain,,"<a rel=""nofollow"" class=""external free"" href=""http://www.1fmediaproject.net/new/wp-content/uploads/2011/09/art_05.jpg"">http://www.1fmediaproject.net/new/wp-content/uploads/2011/09/art_05.jpg</a>","<bdi><a href=""https://en.wikipedia.org/wiki/en:Artemisia_Gentileschi"" class=""extiw"" title=""w:en:Artemisia Gentileschi""><span title=""Italian Baroque painter (1593-1651)"">Artemisia Gentileschi</span></a></bdi>",Public domain,unquestioned,"If Palazzo Pitti 1616-17: Bissell WB 10, MET 58. Early secure work with clear provenance."
Q105289045,Santa Caterina di Alessandria,painting by Artemisia Gentileschi from c. 1635,1635,http://www.wikidata.org/.well-known/genid/2dcf586b5d62136d3ba0035b0bc0dce3,2dcf586b5d62136d3ba0035b0bc0dce3,,,,File:Saint Catherine of Alexandria by Artemisia Gentileschi ca. 1635.jpg,,https://upload.wikimedia.org/wikipedia/commons/8/8e/Saint_Catherine_of_Alexandria_by_Artemisia_Gentileschi_ca._1635.jpg,artemisia_unquestioned\UNQ_18_Santa_Caterina_di_Alessandria-1635.jpg,843,1080,image/jpeg,c5acdd51ebef17d080e8aae185fdffd70f90d163,Public domain,,"<a rel=""nofollow"" class=""external free"" href=""https://www.hampel-auctions.com/img/auktionen/A83/b/Hampel-80030004.jpg"">https://www.hampel-auctions.com/img/auktionen/A83/b/Hampel-80030004.jpg</a>","<bdi><a href=""https://en.wikipedia.org/wiki/en:Artemisia_Gentileschi"" class=""extiw"" title=""w:en:Artemisia Gentileschi""><span title=""Italian Baroque painter (1593-1651)"">Artemisia Gentileschi</span></a></bdi>",Public domain,unquestioned,"If Uffizi c.1618-19: Bissell WB 6, MET 59. X-ray revealed self-portrait beneath. If Stockholm: secure post-Bissell attribution."
Q104875791,Mary Magdalene in Ecstasy,painting by Artemisia Gentileschi / Onofrio Palumbo,1640,http://www.wikidata.org/.well-known/genid/b04eb3fb310a615f278cbecfc7016184,b04eb3fb310a615f278cbecfc7016184,,,,File:Mary Magdalene in Ecstasy by Artemisia Gentileschi and Onofrio Palumbo.jpg,,https://upload.wikimedia.org/wikipedia/commons/d/d7/Mary_Magdalene_in_Ecstasy_by_Artemisia_Gentileschi_and_Onofrio_Palumbo.jpg,artemisia_unquestioned\UNQ_19_Mary_Magdalene_in_Ecstasy-1640.jpg,891,640,image/jpeg,94abbc312524f90c3728c04a688bc1c521f2dd2d,Public domain,,Artdaily.com,"<bdi><a href=""https://en.wikipedia.org/wiki/en:Artemisia_Gentileschi"" class=""extiw"" title=""w:en:Artemisia Gentileschi""><span title=""Italian Baroque painter (1593-1651)"">Artemisia Gentileschi</span></a></bdi> / <bdi><a href=""https://en.wikipedia.org/wiki/en:Onofrio_Palumbo"" class=""extiw"" title=""w:en:Onofrio Palumbo""><span title=""Italian painter of the Baroque period (1606-1656)"">Onofrio Palumbo</span></a></bdi>",Public domain,unquestioned,"1620, private collection. Authenticated by Gianni Papi. Recent scholarship confirms attribution."
Q71254844,Lucretia,painting by Artemisia Gentileschi in the J. Paul Getty Museum,1630,J. Paul Getty Museum,Q731126,Getty Center,Q29247,,File:Artemisia Gentileschi - Lucretia - J. Paul Getty Museum.jpg,,https://upload.wikimedia.org/wikipedia/commons/f/fe/Artemisia_Gentileschi_-_Lucretia_-_J._Paul_Getty_Museum.jpg,artemisia_unquestioned\UNQ_20_Lucretia-1630.jpg,1400,1815,image/jpeg,38bf844f27cad85218f055d7ebee011bf18f77c3,Public domain,,"<a rel=""nofollow"" class=""external free"" href=""https://blogs.getty.edu/iris/artemisia-gentileschi-joins-gettys-collection/"">https://blogs.getty.edu/iris/artemisia-gentileschi-joins-gettys-collection/</a>","<bdi><a href=""https://en.wikipedia.org/wiki/en:Artemisia_Gentileschi"" class=""extiw"" title=""w:en:Artemisia Gentileschi""><span title=""Italian Baroque painter (1593-1651)"">Artemisia Gentileschi</span></a></bdi>",Public domain,unquestioned,"If c.1623-25 Etro Collection: Bissell WB 3, MET 67. If Getty Museum: acquired 2021, authenticated. Both secure."
Q86689932,David and Goliath,Painting by Artemisia Gentileschi,1630,http://www.wikidata.org/.well-known/genid/d032a2d743510cbd663d9dd09533ce54,d032a2d743510cbd663d9dd09533ce54,,,,"File:Artemisia Gentileschi - David with the Head of Goliath, Hampel-116058045.jpg",,https://upload.wikimedia.org/wikipedia/commons/a/a9/Artemisia_Gentileschi_-_David_with_the_Head_of_Goliath%2C_Hampel-116058045.jpg,artemisia_unquestioned\UNQ_21_David_and_Goliath-1630.jpg,518,780,image/jpeg,46a8fe84c284be83dfdb4abb34a8c53de08611d0,Public domain,,"<a rel=""nofollow"" class=""external free"" href=""https://www.hampel-auctions.com/a/Artemisia-Gentileschi-um-1593.html?a=117&amp;s=627&amp;id=552374"">https://www.hampel-auctions.com/a/Artemisia-Gentileschi-um-1593.html?a=117&amp;s=627&amp;id=552374</a>","<bdi><a href=""https://en.wikipedia.org/wiki/en:Artemisia_Gentileschi"" class=""extiw"" title=""w:en:Artemisia Gentileschi""><span title=""Italian Baroque painter (1593-1651)"">Artemisia Gentileschi</span></a></bdi>",Public domain,unquestioned,See David with the head of Goliath. 2020 discovery with signature authentication.
Q56177215,Self-Portrait,painting by Artemisia Gentileschi,1610,Schloss Weißenstein,Q179062,Schloss Weißenstein,Q179062,191a,File:A. Gentileschi Autoritratto.jpg,,https://upload.wikimedia.org/wikipedia/commons/a/a5/A._Gentileschi_Autoritratto.jpg,artemisia_unquestioned\UNQ_22_Self-Portrait-1610.jpg,472,600,image/jpeg,fcf2df63ae5d78f02921996bcaf033e1956c7bf3,Public domain,,"<a rel=""nofollow"" class=""external free"" href=""http://www.bildindex.de/"">http://www.bildindex.de/</a>","<bdi><a href=""https://en.wikipedia.org/wiki/en:Artemisia_Gentileschi"" class=""extiw"" title=""w:en:Artemisia Gentileschi""><span title=""Italian Baroque painter (1593-1651)"">Artemisia Gentileschi</span></a></bdi>",Public domain,unquestioned,If Palazzo Barberini c.1630-35: documented in Locker Figure 5.2. If other versions: need specific identification.
Q532486,Judith and Her Maidservant,painting by Artemisia Gentileschi in the Galleria Palatina,1610,Galleria Palatina,Q866498,Palazzo Pitti,Q29286,398,File:Gentileschi judith1.jpg,,https://upload.wikimedia.org/wikipedia/commons/7/7a/Gentileschi_judith1.jpg,artemisia_unquestioned\UNQ_23_Judith_and_Her_Maidservant-1610.jpg,1400,1755,image/jpeg,cd497218c7bd7e037b328b2e1bfec535a508c8c6,Public domain,,Artemisia Gentileschi,"<bdi><a href=""https://en.wikipedia.org/wiki/en:Artemisia_Gentileschi"" class=""extiw"" title=""w:en:Artemisia Gentileschi""><span title=""Italian Baroque painter (1593-1651)"">Artemisia Gentileschi</span></a></bdi>",Public domain,unquestioned,"If Palazzo Pitti c.1618-19: Bissell WB 5, MET 60. Early secure work."
Q2247406,Giuditta che decapita Oloferne,painting by Artemisia Gentileschi,1613,Museo di Capodimonte,Q290549,Museo di Capodimonte,Q290549,Q 378,File:Artemisia Gentileschi - Judith Beheading Holofernes - WGA8563.jpg,,https://upload.wikimedia.org/wikipedia/commons/4/4e/Artemisia_Gentileschi_-_Judith_Beheading_Holofernes_-_WGA8563.jpg,artemisia_unquestioned\UNQ_24_Giuditta_che_decapita_Oloferne-1613.jpg,1178,1500,image/jpeg,d95cbc20f24c688abd7401885058694507053d6e,Public domain,,"<a href=""https://en.wikipedia.org/wiki/en:Web_Gallery_of_Art"" class=""extiw"" title=""w:en:Web Gallery of Art""><span title=""virtual art gallery for European fine art created before 1900"">Web Gallery of Art</span></a>:  <span typeof=""mw:File""><a href=""http://www.wga.hu/art/g/gentiles/artemisi/judit.jpg"" rel=""nofollow""><img src=""https://upload.wikimedia.org/wikipedia/commons/thumb/6/6f/Inkscape.svg/20px-Inkscape.svg.png"" decoding=""async"" width=""20"" height=""20"" class=""mw-file-element"" srcset=""https://upload.wikimedia.org/wikipedia/commons/thumb/6/6f/Inkscape.svg/40px-Inkscape.svg.png 1.5x"" data-file-width=""60"" data-file-height=""60""></a></span> <a rel=""nofollow"" class=""external text"" href=""http://www.wga.hu/art/g/gentiles/artemisi/judit.jpg"">Image</a> <span typeof=""mw:File""><a href=""http://www.wga.hu/html/g/gentiles/artemisi/judit.html"" rel=""nofollow""><img src=""https://upload.wikimedia.org/wikipedia/commons/thumb/3/35/Information_icon.svg/20px-Information_icon.svg.png"" decoding=""async"" width=""20"" height=""20"" class=""mw-file-element"" srcset=""https://upload.wikimedia.org/wikipedia/commons/thumb/3/35/Information_icon.svg/40px-Information_icon.svg.png 1.5x"" data-file-width=""620"" data-file-height=""620""></a></span> <a rel=""nofollow"" class=""external text"" href=""http://www.wga.hu/html/g/gentiles/artemisi/judit.html"">Info about artwork</a><div style=""display: none;"">wga QS:P11807,""g/gentiles/artemisi/judit""</div>","<bdi><a href=""https://en.wikipedia.org/wiki/en:Artemisia_Gentileschi"" class=""extiw"" title=""w:en:Artemisia Gentileschi""><span title=""Italian Baroque painter (1593-1651)"">Artemisia Gentileschi</span></a></bdi>",Public domain,unquestioned,"If Uffizi 1620-21: Bissell WB 12, MET 62. If Capodimonte 1611-12: WB 4, MET 55 (some dispute due to 1688 inventory citing 'Oratio Gentilesco')."
Q3605519,Adorazione dei Magi,painting by Artemisia Gentileschi,1636,Pozzuoli Cathedral,Q1239998,Pozzuoli Cathedral,Q1239998,,File:Adoration of the Magi by Artemisia Gentileschi.jpg,,https://upload.wikimedia.org/wikipedia/commons/a/ab/Adoration_of_the_Magi_by_Artemisia_Gentileschi.jpg,artemisia_unquestioned\UNQ_25_Adorazione_dei_Magi-1636.jpg,1379,2048,image/jpeg,658c2d7ff45dbfb63805ea55ecbe6e44edd8b8c7,Public domain,,"<p><a rel=""nofollow"" class=""external free"" href=""http://www.museumsyndicate.com/item.php?item=26954"">http://www.museumsyndicate.com/item.php?item=26954</a><br>
</p>
<a rel=""nofollow"" class=""external free"" href=""https://picasaweb.google.com/lh/photo/vLoMRu1PcbSaDYUKQ0cZGdMTjNZETYmyPJy0liipFm0?full-exif=true"">https://picasaweb.google.com/lh/photo/vLoMRu1PcbSaDYUKQ0cZGdMTjNZETYmyPJy0liipFm0?full-exif=true</a>","<bdi><a href=""https://en.wikipedia.org/wiki/en:Artemisia_Gentileschi"" class=""extiw"" title=""w:en:Artemisia Gentileschi""><span title=""Italian Baroque painter (1593-1651)"">Artemisia Gentileschi</span></a></bdi>",Public domain,unquestioned,"c.1636-37, Capodimonte. Bissell WB 33c, MET Figure 142. Part of cathedral commission. Recently analyzed with XRF technique confirming attribution."
Q3612415,Allegoria dell'Inclinazione,painting by Artemisia Gentileschi,1615,Casa Buonarroti,Q2418618,Casa Buonarroti,Q2418618,,File:A Gentileschi Allegoria dell'inclinazione.jpg,,https://upload.wikimedia.org/wikipedia/commons/4/43/A_Gentileschi_Allegoria_dell%27inclinazione.jpg,artemisia_unquestioned\UNQ_26_Allegoria_dellInclinazione-1615.jpg,714,1851,image/jpeg,ff4b2ee1c2818ba65baf7dc1e93f721b1b045792,Public domain,,"<a rel=""nofollow"" class=""external free"" href=""http://classic-online.ru/uploads/000_picture/195400/195327.jpg"">http://classic-online.ru/uploads/000_picture/195400/195327.jpg</a>","<bdi><a href=""https://en.wikipedia.org/wiki/en:Artemisia_Gentileschi"" class=""extiw"" title=""w:en:Artemisia Gentileschi""><span title=""Italian Baroque painter (1593-1651)"">Artemisia Gentileschi</span></a></bdi> / <bdi><a href=""https://en.wikipedia.org/wiki/en:Baldassare_Franceschini"" class=""extiw"" title=""w:en:Baldassare Franceschini""><span title=""Italian painter (1611-1690)"">Baldassare Franceschini</span></a></bdi>",Public domain,unquestioned,"1615, Casa Buonarroti. Bissell WB 8, MET Figure 110. Documented Michelangelo Buonarroti commission. 2022-24 restoration revealed original composition."
Q3630745,Self-Portrait as the Allegory of Painting (La Pittura),painting by Artemisia Gentileschi,1630,Royal Collection,Q1459037,Buckingham Palace,Q42182,RCIN 405551,File:Self-Portrait as the Allegory of Painting (La Pittura) - Artemisia Gentileschi.jpg,,https://upload.wikimedia.org/wikipedia/commons/thumb/5/52/Self-Portrait_as_the_Allegory_of_Painting_%28La_Pittura%29_-_Artemisia_Gentileschi.jpg/2048px-Self-Portrait_as_the_Allegory_of_Painting_%28La_Pittura%29_-_Artemisia_Gentileschi.jpg,artemisia_unquestioned\UNQ_27_Self-Portrait_as_the_Allegory_of_Painting_La_Pittura-1630.jpg,2048,2704,image/jpeg,6a1d29ddb9adfcdf7cf6f2df3796f120b075bda0,Public domain,,"<a href=""https://en.wikipedia.org/wiki/en:Google_Arts_%26_Culture"" class=""extiw"" title=""w:en:Google Arts &amp; Culture""><span title=""app and website exploring partner museums"">Google Arts &amp; Culture</span></a>  — <a rel=""nofollow"" class=""external text"" href=""//www.google.com/culturalinstitute/asset-viewer/self-portrait-as-the-allegory-of-painting-la-pittura-artemisia-gentileschi/wwENmp3dXLo4kg"">self-portrait-as-the-allegory-of-painting-la-pittura-artemisia-gentileschi/wwENmp3dXLo4kg</a>","<bdi><a href=""https://en.wikipedia.org/wiki/en:Artemisia_Gentileschi"" class=""extiw"" title=""w:en:Artemisia Gentileschi""><span title=""Italian Baroque painter (1593-1651)"">Artemisia Gentileschi</span></a></bdi>",Public domain,unquestioned,"c.1638-39, Royal Collection. Bissell WB 42, MET 81. Major late work, fully documented."
Q3630748,Autoritratto come martire,painting by Artemisia Gentileschi,1615,http://www.wikidata.org/.well-known/genid/48e5f62a0525ada851612f735e208c02,48e5f62a0525ada851612f735e208c02,,,,File:Artemisia Gentileschi Selfportrait Martyr.jpg,,https://upload.wikimedia.org/wikipedia/commons/3/32/Artemisia_Gentileschi_Selfportrait_Martyr.jpg,artemisia_unquestioned\UNQ_28_Autoritratto_come_martire-1615.jpg,800,1073,image/jpeg,50d0234099760d78355448865741faffcc810358,Public domain,,"The Athenaeum:  <a rel=""nofollow"" class=""external text"" href=""http://www.the-athenaeum.org"">Home</a> - <a rel=""nofollow"" class=""external text"" href=""http://www.the-athenaeum.org/art/detail.php?ID=23446"">info</a> - <a rel=""nofollow"" class=""external text"" href=""http://www.the-athenaeum.org/art/full.php?ID=23446"">pic</a>","<bdi><a href=""https://en.wikipedia.org/wiki/en:Artemisia_Gentileschi"" class=""extiw"" title=""w:en:Artemisia Gentileschi""><span title=""Italian Baroque painter (1593-1651)"">Artemisia Gentileschi</span></a></bdi>",Public domain,unquestioned,"c.1615, private collection. Bissell WB 7, MET 56. Early self-portrait, secure."
Q3689716,Conversione della Maddalena (Maria Maddalena penitente),painting by Artemisia Gentileschi,1616,Galleria Palatina,Q866498,Galleria Palatina,Q866498,142,File:Artemisia Gentileschi Mary Magdalene Pitti.jpg,,https://upload.wikimedia.org/wikipedia/commons/f/f6/Artemisia_Gentileschi_Mary_Magdalene_Pitti.jpg,artemisia_unquestioned\UNQ_29_Conversione_della_Maddalena_Maria_Maddalena_penitente-1616.jpg,1115,1500,image/jpeg,8ef6bc38c2fcfcf5b5a2b674ac79fa440265f6ca,Public domain,,"<a rel=""nofollow"" class=""external free"" href=""https://caravaggismo.files.wordpress.com/2010/08/agentileschi-maddalena.jpg"">https://caravaggismo.files.wordpress.com/2010/08/agentileschi-maddalena.jpg</a>","<bdi><a href=""https://en.wikipedia.org/wiki/en:Artemisia_Gentileschi"" class=""extiw"" title=""w:en:Artemisia Gentileschi""><span title=""Italian Baroque painter (1593-1651)"">Artemisia Gentileschi</span></a></bdi>",Public domain,unquestioned,"Conversion of Magdalene. If related to WB 9 or WB 16, secure. Title suggests narrative moment."
Q3733425,Ester e Assuero,painting by Artemisia Gentileschi,1629,Metropolitan Museum of Art,Q160236,Metropolitan Museum of Art,Q160236,69.281,"File:Gentileschi, Artemisia - Esther before Ahasuerus - c. 1628–1635.jpg",,https://upload.wikimedia.org/wikipedia/commons/thumb/b/bf/Gentileschi%2C_Artemisia_-_Esther_before_Ahasuerus_-_c._1628%E2%80%931635.jpg/2048px-Gentileschi%2C_Artemisia_-_Esther_before_Ahasuerus_-_c._1628%E2%80%931635.jpg,artemisia_unquestioned\UNQ_30_Ester_e_Assuero-1629.jpg,2048,1561,image/jpeg,8bedce827e8a461c3c75ce0f28f250f3969a092b,Public domain,,"<a rel=""nofollow"" class=""external text"" href=""https://www.metmuseum.org/art/collection/search/436453"">Metropolitan Museum of Art, online collection (The Met object ID 436453)</a>","<bdi><a href=""https://en.wikipedia.org/wiki/en:Artemisia_Gentileschi"" class=""extiw"" title=""w:en:Artemisia Gentileschi""><span title=""Italian Baroque painter (1593-1651)"">Artemisia Gentileschi</span></a></bdi>",Public domain,unquestioned,"c.1628-35, Metropolitan Museum. Bissell WB 28, MET 71. Major work with secure provenance."
Q3762348,Giaele e Sisara,painting by Artemisia Gentileschi,1620,"Museum of Fine Arts, Budapest",Q840886,"Museum of Fine Arts, Budapest",Q840886,75.11,"File:Giaele e Sisara (ca.1620) - Artemisia Gentileschi (Museum of Fine Arts, Budapest).jpg",,https://upload.wikimedia.org/wikipedia/commons/6/61/Giaele_e_Sisara_%28ca.1620%29_-_Artemisia_Gentileschi_%28Museum_of_Fine_Arts%2C_Budapest%29.jpg,artemisia_unquestioned\UNQ_31_Giaele_e_Sisara-1620.jpg,1516,1100,image/jpeg,569e46ac4a080d969e45969553bd4a853d522173,Public domain,,"<a href=""https://en.wikipedia.org/wiki/en:Web_Gallery_of_Art"" class=""extiw"" title=""w:en:Web Gallery of Art""><span title=""virtual art gallery for European fine art created before 1900"">Web Gallery of Art</span></a>:  <span typeof=""mw:File""><a href=""http://www.wga.hu/art/g/gentiles/artemisi/jaelsise.jpg"" rel=""nofollow""><img src=""https://upload.wikimedia.org/wikipedia/commons/thumb/6/6f/Inkscape.svg/20px-Inkscape.svg.png"" decoding=""async"" width=""20"" height=""20"" class=""mw-file-element"" srcset=""https://upload.wikimedia.org/wikipedia/commons/thumb/6/6f/Inkscape.svg/40px-Inkscape.svg.png 1.5x"" data-file-width=""60"" data-file-height=""60""></a></span> <a rel=""nofollow"" class=""external text"" href=""http://www.wga.hu/art/g/gentiles/artemisi/jaelsise.jpg"">Image</a> <span typeof=""mw:File""><a href=""http://www.wga.hu/html_m/g/gentiles/artemisi/jaelsise.html"" rel=""nofollow""><img src=""https://upload.wikimedia.org/wikipedia/commons/thumb/3/35/Information_icon.svg/20px-Information_icon.svg.png"" decoding=""async"" width=""20"" height=""20"" class=""mw-file-element"" srcset=""https://upload.wikimedia.org/wikipedia/commons/thumb/3/35/Information_icon.svg/40px-Information_icon.svg.png 1.5x"" data-file-width=""620"" data-file-height=""620""></a></span> <a rel=""nofollow"" class=""external text"" href=""http://www.wga.hu/html_m/g/gentiles/artemisi/jaelsise.html"">Info about artwork</a><div style=""display: none;"">wga QS:P11807,""m/g/gentiles/artemisi/jaelsise""</div>","<bdi><a href=""https://en.wikipedia.org/wiki/en:Artemisia_Gentileschi"" class=""extiw"" title=""w:en:Artemisia Gentileschi""><span title=""Italian Baroque painter (1593-1651)"">Artemisia Gentileschi</span></a></bdi>",Public domain,unquestioned,"1620, Budapest Museum. Bissell WB 11, MET 61. Secure early work."
Q3769169,Giuditta che decapita Oloferne,painting by Artemisia Gentileschi,1620,Uffizi Gallery,Q51252,Uffizi Gallery,Q51252,1567,File:Artemisia Gentileschi - Giuditta decapita Oloferne - Google Art Project-Adjust.jpg,,https://upload.wikimedia.org/wikipedia/commons/thumb/5/50/Artemisia_Gentileschi_-_Giuditta_decapita_Oloferne_-_Google_Art_Project-Adjust.jpg/2048px-Artemisia_Gentileschi_-_Giuditta_decapita_Oloferne_-_Google_Art_Project-Adjust.jpg,artemisia_unquestioned\UNQ_32_Giuditta_che_decapita_Oloferne-1620.jpg,2048,2518,image/jpeg,7216f727a718eb17cb3097726769f59c3ca1fb38,Public domain,,"Originally from Google Cultural Institute (<a rel=""nofollow"" class=""external text"" href=""http://www.google.com/culturalinstitute/asset-viewer/oQF3gDEYNkutBA"">image page</a>), edited for levels","<bdi><a href=""https://en.wikipedia.org/wiki/en:Artemisia_Gentileschi"" class=""extiw"" title=""w:en:Artemisia Gentileschi""><span title=""Italian Baroque painter (1593-1651)"">Artemisia Gentileschi</span></a></bdi>",Public domain,unquestioned,"If Uffizi 1620-21: Bissell WB 12, MET 62. If Capodimonte 1611-12: WB 4, MET 55 (some dispute due to 1688 inventory citing 'Oratio Gentilesco')."
Q3769173,Judith and Her Maidservant with the Head of Holofernes,painting by Artemisia Gentileschi in the Detroit Institute of Arts,1623,Detroit Institute of Arts,Q1201549,Detroit Institute of Arts,Q1201549,52.253,File:Artemisia Gentileschi - Judith and Her Maidservant with the Head of Holofernes - 52.253 - Detroit Institute of Arts.jpg,,https://upload.wikimedia.org/wikipedia/commons/f/fa/Artemisia_Gentileschi_-_Judith_and_Her_Maidservant_with_the_Head_of_Holofernes_-_52.253_-_Detroit_Institute_of_Arts.jpg,artemisia_unquestioned\UNQ_33_Judith_and_Her_Maidservant_with_the_Head_of_Holofernes-1623.jpg,1541,2000,image/jpeg,8d55aa0004b2f40afe1a840635fce12926d00ea8,Public domain,,"<a rel=""nofollow"" class=""external free"" href=""https://www.dia.org/art/collection/object/judith-and-her-maidservant-head-holofernes-45746"">https://www.dia.org/art/collection/object/judith-and-her-maidservant-head-holofernes-45746</a>","<bdi><a href=""https://en.wikipedia.org/wiki/en:Artemisia_Gentileschi"" class=""extiw"" title=""w:en:Artemisia Gentileschi""><span title=""Italian Baroque painter (1593-1651)"">Artemisia Gentileschi</span></a></bdi>",Public domain,unquestioned,If Capodimonte 1640s: Bissell WB 48c. Late secure work.
Q3842443,Madonna col Bambino,painting by Artemisia Gentileschi in the Galleria Spada,1612,Galleria Spada,Q3757699,Galleria Spada,Q3757699,166,File:Madonna-and-child-Gentileschi.jpg,,https://upload.wikimedia.org/wikipedia/commons/5/51/Madonna-and-child-Gentileschi.jpg,artemisia_unquestioned\UNQ_34_Madonna_col_Bambino-1612.jpg,1083,1497,image/jpeg,1b249c831eba517d1951f6f4c4a52a3f6bfb5556,Public domain,,"<a rel=""nofollow"" class=""external free"" href=""http://galleriaspada.beniculturali.it/index.php?it/94/gentileschi-madonna-col-bambino"">http://galleriaspada.beniculturali.it/index.php?it/94/gentileschi-madonna-col-bambino</a>","<bdi><a href=""https://en.wikipedia.org/wiki/en:Artemisia_Gentileschi"" class=""extiw"" title=""w:en:Artemisia Gentileschi""><span title=""Italian Baroque painter (1593-1651)"">Artemisia Gentileschi</span></a></bdi>",Public domain,unquestioned,"If Palazzo Pitti c.1630: Bissell WB 1, MET Figure 107. If Galleria Spada: WB X-19, questionable."
Q3937737,Ritratto di Gonfaloniere,painting by Artemisia Gentileschi,1622,Palazzo d'Accursio,Q2267154,Palazzo d'Accursio,Q2267154,P 4,File:Artemisia Gentileschi Condottiero Bologna.jpg,,https://upload.wikimedia.org/wikipedia/commons/b/bd/Artemisia_Gentileschi_Condottiero_Bologna.jpg,artemisia_unquestioned\UNQ_35_Ritratto_di_Gonfaloniere-1622.jpg,1000,1626,image/jpeg,0a71e0f52be6379142accdad4758e960d6067267,Public domain,,"The Athenaeum:  <a rel=""nofollow"" class=""external text"" href=""http://www.the-athenaeum.org"">Home</a> - <a rel=""nofollow"" class=""external text"" href=""http://www.the-athenaeum.org/art/detail.php?ID=121599"">info</a> - <a rel=""nofollow"" class=""external text"" href=""http://www.the-athenaeum.org/art/full.php?ID=121599"">pic</a>","<bdi><a href=""https://en.wikipedia.org/wiki/en:Artemisia_Gentileschi"" class=""extiw"" title=""w:en:Artemisia Gentileschi""><span title=""Italian Baroque painter (1593-1651)"">Artemisia Gentileschi</span></a></bdi>",Public domain,unquestioned,"1622, Palazzo d'Accursio. Bissell WB 13, MET 66. Rare secure portrait."
Q3947174,San Gennaro nell'anfiteatro di Pozzuoli,painting by Artemisia Gentileschi,1636,Pozzuoli Cathedral,Q1239998,Museo di Capodimonte,Q290549,,File:The Martyrdom of St Januarius in the Amphitheatre at Pozzuoli.jpg,,https://upload.wikimedia.org/wikipedia/commons/6/67/The_Martyrdom_of_St_Januarius_in_the_Amphitheatre_at_Pozzuoli.jpg,artemisia_unquestioned\UNQ_36_San_Gennaro_nellanfiteatro_di_Pozzuoli-1636.jpg,702,1046,image/jpeg,5f2a49d51c0b889a204d79aae3034112d174d0ae,Public domain,,"<a rel=""nofollow"" class=""external free"" href=""http://www1.unipa.it/tecla/images/10_pavone_09.jpg"">http://www1.unipa.it/tecla/images/10_pavone_09.jpg</a>","<bdi><a href=""https://en.wikipedia.org/wiki/en:Artemisia_Gentileschi"" class=""extiw"" title=""w:en:Artemisia Gentileschi""><span title=""Italian Baroque painter (1593-1651)"">Artemisia Gentileschi</span></a></bdi>",Public domain,unquestioned,"c.1636-37, Capodimonte. Bissell WB 33b, MET 79. Cathedral commission with secure attribution."
Q3978274,Susanna und die beiden Alten,painting by Artemisia Gentileschi (Pommersfelden),1610,Schloss Weißenstein,Q179062,Schloss Weißenstein,Q179062,191,"File:Susanna and the Elders (1610), Artemisia GentileschiFXD.jpg",,https://upload.wikimedia.org/wikipedia/commons/thumb/7/79/Susanna_and_the_Elders_%281610%29%2C_Artemisia_GentileschiFXD.jpg/2048px-Susanna_and_the_Elders_%281610%29%2C_Artemisia_GentileschiFXD.jpg,artemisia_unquestioned\UNQ_37_Susanna_und_die_beiden_Alten-1610.jpg,2048,2910,image/jpeg,8ffcb219956f8597866949b90e411ac9540ca929,Public domain,,"This file was derived from:  <a href=""//commons.wikimedia.org/wiki/File:Susanna_and_the_Elders_(1610),_Artemisia_Gentileschi.jpg"" title=""File:Susanna and the Elders (1610), Artemisia Gentileschi.jpg"">Susanna and the Elders (1610), Artemisia Gentileschi.jpg</a>: <span typeof=""mw:File""><a href=""//commons.wikimedia.org/wiki/File:Susanna_and_the_Elders_(1610),_Artemisia_Gentileschi.jpg"" class=""mw-file-description""><img src=""https://upload.wikimedia.org/wikipedia/commons/thumb/0/04/Susanna_and_the_Elders_%281610%29%2C_Artemisia_Gentileschi.jpg/120px-Susanna_and_the_Elders_%281610%29%2C_Artemisia_Gentileschi.jpg"" decoding=""async"" width=""120"" height=""170"" class=""mw-file-element"" srcset=""https://upload.wikimedia.org/wikipedia/commons/thumb/0/04/Susanna_and_the_Elders_%281610%29%2C_Artemisia_Gentileschi.jpg/250px-Susanna_and_the_Elders_%281610%29%2C_Artemisia_Gentileschi.jpg 1.5x"" data-file-width=""4092"" data-file-height=""5814""></a></span><br>","<bdi><a href=""https://en.wikipedia.org/wiki/en:Artemisia_Gentileschi"" class=""extiw"" title=""w:en:Artemisia Gentileschi""><span title=""Italian Baroque painter (1593-1651)"">Artemisia Gentileschi</span></a></bdi>",Public domain,unquestioned,"German title for Susanna and Elders. If Pommersfelden: WB 2, signed work."
Q18602467,The Birth of Saint John the Baptist,painting by Artemisia Gentileschi,1635,Museo del Prado,Q160112,Museo del Prado,Q160112,P000149,File:Nacimiento de San Juan Bautista (Artemisia Gentileschi).jpg,,https://upload.wikimedia.org/wikipedia/commons/thumb/4/46/Nacimiento_de_San_Juan_Bautista_%28Artemisia_Gentileschi%29.jpg/2048px-Nacimiento_de_San_Juan_Bautista_%28Artemisia_Gentileschi%29.jpg,artemisia_unquestioned\UNQ_38_The_Birth_of_Saint_John_the_Baptist-1635.jpg,2048,1443,image/jpeg,a803c4a2c747681d0d15383400ae0344bd5428d0,Public domain,,"Museo del Prado <a rel=""nofollow"" class=""external text"" href=""https://www.museodelprado.es/coleccion/galeria-on-line/galeria-on-line/obra/nacimiento-de-san-juan-bautista/"">info </a><a rel=""nofollow"" class=""external text"" href=""https://www.museodelprado.es/imagen/alta_resolucion/P00149.jpg"">pic</a>","<bdi><a href=""https://en.wikipedia.org/wiki/en:Artemisia_Gentileschi"" class=""extiw"" title=""w:en:Artemisia Gentileschi""><span title=""Italian Baroque painter (1593-1651)"">Artemisia Gentileschi</span></a></bdi>",Public domain,unquestioned,"c.1633-35, Prado. Bissell WB 32, MET 77. Part of documented Buen Retiro commission."
Q18711755,Maria Maddalena come la Malinconia,painting by Artemisia Gentileschi,1620,Museo Soumaya,Q2097646,Museo Soumaya,Q2097646,,File:3415 María Magdalena como melancolía.jpg,,https://upload.wikimedia.org/wikipedia/commons/thumb/b/b0/3415_Mar%C3%ADa_Magdalena_como_melancol%C3%ADa.jpg/2048px-3415_Mar%C3%ADa_Magdalena_como_melancol%C3%ADa.jpg,artemisia_unquestioned\UNQ_39_Maria_Maddalena_come_la_Malinconia-1620.jpg,2048,2839,image/jpeg,3e3697873066a6933a9e399cc64c4e5e0f9351bc,Public domain,,"<p>Museo Soumaya Donation
</p>
<a rel=""nofollow"" class=""external text"" href=""http://2.bp.blogspot.com/-Y2E_VxoBVH0/VKqSSitauAI/AAAAAAAADak/DoJC8YR-hIo/s1600/3415_Mari%CC%81a_Magdalena_como_melancoli%CC%81a.jpg"">link to the image painting</a>","<bdi><a href=""https://en.wikipedia.org/wiki/en:Artemisia_Gentileschi"" class=""extiw"" title=""w:en:Artemisia Gentileschi""><span title=""Italian Baroque painter (1593-1651)"">Artemisia Gentileschi</span></a></bdi>",Public domain,unquestioned,"1620s, Museo Soumaya. Bissell WB 17, MET Figure 128. Secure attribution."
Q19890804,Morte di Cleopatra,"painting by Orazio or Artemisia Gentileschi, ca. 1613 (if by Orazio), or 1621-1622 (if by Artemisia)",1613,http://www.wikidata.org/.well-known/genid/d3f80b9afe0abd983890f19ab9cc5ba0,d3f80b9afe0abd983890f19ab9cc5ba0,,,,File:Artemisia Gentileschi Cleopatra2.jpg,,https://upload.wikimedia.org/wikipedia/commons/c/c5/Artemisia_Gentileschi_Cleopatra2.jpg,artemisia_unquestioned\UNQ_40_Morte_di_Cleopatra-1613.jpg,1683,1078,image/jpeg,894a560365f6745003d865f104751dc06b760eab,Public domain,,"<a rel=""nofollow"" class=""external free"" href=""http://www.artemisia-gentileschi.com/cleopatra1.html"">http://www.artemisia-gentileschi.com/cleopatra1.html</a>","<bdi><a href=""https://en.wikipedia.org/wiki/en:Artemisia_Gentileschi"" class=""extiw"" title=""w:en:Artemisia Gentileschi""><span title=""Italian Baroque painter (1593-1651)"">Artemisia Gentileschi</span></a></bdi> / <bdi><a href=""https://en.wikipedia.org/wiki/en:Orazio_Gentileschi"" class=""extiw"" title=""w:en:Orazio Gentileschi""><span title=""Italian painter (1563–1639)"">Orazio Gentileschi</span></a></bdi>",Public domain,unquestioned,Death of Cleopatra. Variant of secure later Cleopatras. Post-1630 dating suggests authenticity.
Q23010133,Autoritratto come suonatrice di liuto,painting by Artemisia Gentileschi,1616,Wadsworth Atheneum Museum of Art,Q403080,Wadsworth Atheneum Museum of Art,Q403080,2014.4.1,File:Artemisia Gentileschi - Autoritratto come suonatrice di liuto (ca. 1615-18).jpg,,https://upload.wikimedia.org/wikipedia/commons/thumb/5/53/Artemisia_Gentileschi_-_Autoritratto_come_suonatrice_di_liuto_%28ca._1615-18%29.jpg/2048px-Artemisia_Gentileschi_-_Autoritratto_come_suonatrice_di_liuto_%28ca._1615-18%29.jpg,artemisia_unquestioned\UNQ_41_Autoritratto_come_suonatrice_di_liuto-1616.jpg,2048,2218,image/jpeg,532b250af22faa04750f091d323806956d0289e3,Public domain,,"<a rel=""nofollow"" class=""external text"" href=""https://artsandculture.google.com/asset/wd/SQE-sCV4lsKC7g"">Google Arts &amp; Culture</a>","<bdi><a href=""https://en.wikipedia.org/wiki/en:Artemisia_Gentileschi"" class=""extiw"" title=""w:en:Artemisia Gentileschi""><span title=""Italian Baroque painter (1593-1651)"">Artemisia Gentileschi</span></a></bdi>",Public domain,unquestioned,"1616-18, Wadsworth Atheneum. MET 57. Secure early self-portrait as lute player."
Q25218172,Venere e Cupido (Venere dormiente),painting by Artemisia Gentileschi,1627,Virginia Museum of Fine Arts,Q4013975,Virginia Museum of Fine Arts,Q4013975,2001.225,File:Artemisia Gentileschi - Sleeping Venus.JPG,,https://upload.wikimedia.org/wikipedia/commons/b/b0/Artemisia_Gentileschi_-_Sleeping_Venus.JPG,artemisia_unquestioned\UNQ_42_Venere_e_Cupido_Venere_dormiente-1627.jpg,1653,1134,image/jpeg,5ecf293221881602f22498a5a2eca382b6f3be7c,Public domain,,"<a rel=""nofollow"" class=""external free"" href=""http://uploads2.wikiart.org/images/artemisia-gentileschi/sleeping-venus-1630.jpg"">http://uploads2.wikiart.org/images/artemisia-gentileschi/sleeping-venus-1630.jpg</a>","<bdi><a href=""https://en.wikipedia.org/wiki/en:Artemisia_Gentileschi"" class=""extiw"" title=""w:en:Artemisia Gentileschi""><span title=""Italian Baroque painter (1593-1651)"">Artemisia Gentileschi</span></a></bdi>",Public domain,unquestioned,"c.1625-30, Virginia Museum of Fine Arts. Bissell WB 18, MET 70. Secure."
Q27830965,Santa Apollonia,Picture by Artemisia Gentileschi,1642,Museo Soumaya,Q2097646,Museo Soumaya,Q2097646,,File:Saint Apollonia by Artemisia Gentileschi ca. 1642-1644.jpg,,https://upload.wikimedia.org/wikipedia/commons/7/77/Saint_Apollonia_by_Artemisia_Gentileschi_ca._1642-1644.jpg,artemisia_unquestioned\UNQ_43_Santa_Apollonia-1642.jpg,820,1080,image/jpeg,7e02536abea3ac8547f01a6d84fcefdc087503aa,Public domain,,"<a rel=""nofollow"" class=""external free"" href=""http://www.alcalasubastas.es/uploads/subastas/20150211131621.jpg"">http://www.alcalasubastas.es/uploads/subastas/20150211131621.jpg</a>","<bdi><a href=""https://en.wikipedia.org/wiki/en:Artemisia_Gentileschi"" class=""extiw"" title=""w:en:Artemisia Gentileschi""><span title=""Italian Baroque painter (1593-1651)"">Artemisia Gentileschi</span></a></bdi>",Public domain,unquestioned,"1642-44, Museo Soumaya. Late secure work with documentation."
Q29016129,Madonna col Bambino,painting by Artemisia Gentileschi or Giovanni Francesco Guerrieri,1610,Galleria Palatina,Q866498,Galleria Palatina,Q866498,2129,File:Artemisia Gentileschi - Madonna con Bambino (1609-1610).jpg,,https://upload.wikimedia.org/wikipedia/commons/e/e0/Artemisia_Gentileschi_-_Madonna_con_Bambino_%281609-1610%29.jpg,artemisia_unquestioned\UNQ_44_Madonna_col_Bambino-1610.jpg,1075,1493,image/jpeg,dac7d118675735b447ba4c82fd7de9ddddaeb97c,Public domain,,"<a rel=""nofollow"" class=""external free"" href=""http://www.caccioppoli.com/Madonna%20and%20Child%20(fit%20screen)/Duccio/Gentileschi%20madonna-and-child-4457%20(2).jpg"">http://www.caccioppoli.com/Madonna%20and%20Child%20(fit%20screen)/Duccio/Gentileschi%20madonna-and-child-4457%20(2).jpg</a>","<bdi><a href=""https://en.wikipedia.org/wiki/en:Artemisia_Gentileschi"" class=""extiw"" title=""w:en:Artemisia Gentileschi""><span title=""Italian Baroque painter (1593-1651)"">Artemisia Gentileschi</span></a></bdi>",Public domain,unquestioned,"If Palazzo Pitti c.1630: Bissell WB 1, MET Figure 107. If Galleria Spada: WB X-19, questionable."
Q29016365,Santa Caterina di Alessandria,1619 painting by Artemisia Gentileschi,1615,Uffizi Gallery,Q51252,Uffizi Gallery,Q51252,8032,File:Artemisia Gentileschi - St Catherine of Alexandria - WGA8560.jpg,,https://upload.wikimedia.org/wikipedia/commons/7/76/Artemisia_Gentileschi_-_St_Catherine_of_Alexandria_-_WGA8560.jpg,artemisia_unquestioned\UNQ_45_Santa_Caterina_di_Alessandria-1615.jpg,1641,2126,image/jpeg,97e7c31a828b51a338e58cd987cd14b3ca91f5ad,Public domain,,"<p><a rel=""nofollow"" class=""external free"" href=""http://www.artribune.com/wp-content/uploads/2015/06/A.-Gentileschi-Santa-Caterina-dAlessandria.-Firenze-Galleria-degli-Uffizi.jpg"">http://www.artribune.com/wp-content/uploads/2015/06/A.-Gentileschi-Santa-Caterina-dAlessandria.-Firenze-Galleria-degli-Uffizi.jpg</a>
</p>
or <a href=""https://en.wikipedia.org/wiki/en:Web_Gallery_of_Art"" class=""extiw"" title=""w:en:Web Gallery of Art""><span title=""virtual art gallery for European fine art created before 1900"">Web Gallery of Art</span></a>:  <span typeof=""mw:File""><a href=""http://www.wga.hu/art/g/gentiles/artemisi/catherin.jpg"" rel=""nofollow""><img src=""https://upload.wikimedia.org/wikipedia/commons/thumb/6/6f/Inkscape.svg/20px-Inkscape.svg.png"" decoding=""async"" width=""20"" height=""20"" class=""mw-file-element"" srcset=""https://upload.wikimedia.org/wikipedia/commons/thumb/6/6f/Inkscape.svg/40px-Inkscape.svg.png 1.5x"" data-file-width=""60"" data-file-height=""60""></a></span> <a rel=""nofollow"" class=""external text"" href=""http://www.wga.hu/art/g/gentiles/artemisi/catherin.jpg"">Image</a> <span typeof=""mw:File""><a href=""http://www.wga.hu/html/g/gentiles/artemisi/catherin.html"" rel=""nofollow""><img src=""https://upload.wikimedia.org/wikipedia/commons/thumb/3/35/Information_icon.svg/20px-Information_icon.svg.png"" decoding=""async"" width=""20"" height=""20"" class=""mw-file-element"" srcset=""https://upload.wikimedia.org/wikipedia/commons/thumb/3/35/Information_icon.svg/40px-Information_icon.svg.png 1.5x"" data-file-width=""620"" data-file-height=""620""></a></span> <a rel=""nofollow"" class=""external text"" href=""http://www.wga.hu/html/g/gentiles/artemisi/catherin.html"">Info about artwork</a><div style=""display: none;"">wga QS:P11807,""g/gentiles/artemisi/catherin""</div>","<bdi><a href=""https://en.wikipedia.org/wiki/en:Artemisia_Gentileschi"" class=""extiw"" title=""w:en:Artemisia Gentileschi""><span title=""Italian Baroque painter (1593-1651)"">Artemisia Gentileschi</span></a></bdi>",Public domain,unquestioned,"If Uffizi c.1618-19: Bissell WB 6, MET 59. X-ray revealed self-portrait beneath. If Stockholm: secure post-Bissell attribution."
Q29016692,"Clio, la Musa della Storia (La fama)",painting by Artemisia Gentileschi,1632,Palazzo Giuli Rosselmini Gualandi,Q3890226,Palazzo Giuli Rosselmini Gualandi,Q3890226,,"File:Clio, muse de l'Histoire, par Artemisia Gentileschi.webp",,https://upload.wikimedia.org/wikipedia/commons/thumb/7/71/Clio%2C_muse_de_l%27Histoire%2C_par_Artemisia_Gentileschi.webp/1799px-Clio%2C_muse_de_l%27Histoire%2C_par_Artemisia_Gentileschi.webp.png,artemisia_unquestioned\UNQ_46_Clio_la_Musa_della_Storia_La_fama-1632.jpg,2048,2691,image/webp,6854f6431d0460149687ff852bd8943a16cbfd2c,Public domain,,"<a rel=""nofollow"" class=""external free"" href=""https://cdn.finestresullarte.info/rivista/immagini/2025/3014/artemisia-gentileschi-clio-musa-della-storia.jpg"">https://cdn.finestresullarte.info/rivista/immagini/2025/3014/artemisia-gentileschi-clio-musa-della-storia.jpg</a>",Artemisia Gentileschi,Public domain,unquestioned,"1632, Palazzo Blu. Bissell WB 27, MET 75. Documented commission. Secure."
Q29016818,Maria Maddalena come la Malinconia,painting by Artemisia Gentileschi,1625,Seville Cathedral,Q231606,Seville Cathedral,Q231606,,File:Artemisia Gentileschi — Conversione della Maddalena (Maria Maddalena penitente.jpg,,https://upload.wikimedia.org/wikipedia/commons/2/25/Artemisia_Gentileschi_%E2%80%94_Conversione_della_Maddalena_%28Maria_Maddalena_penitente.jpg,artemisia_unquestioned\UNQ_47_Maria_Maddalena_come_la_Malinconia-1625.jpg,774,1024,image/jpeg,0e29ad3b80e4b28c3c9d48569fd978bea6009188,Public domain,,"<a rel=""nofollow"" class=""external free"" href=""https://www.pinterest.com/pin/375839531381103130/"">https://www.pinterest.com/pin/375839531381103130/</a>","<bdi><a href=""https://en.wikipedia.org/wiki/en:Artemisia_Gentileschi"" class=""extiw"" title=""w:en:Artemisia Gentileschi""><span title=""Italian Baroque painter (1593-1651)"">Artemisia Gentileschi</span></a></bdi>",Public domain,unquestioned,"1620s, Museo Soumaya. Bissell WB 17, MET Figure 128. Secure attribution."
Q29016865,Lucrezia,"painting by Artemisia Gentileschi in the Palazzo Cattaneo-Adorno, Genoa",1623,Palazzo Cattaneo Adorno,Q3889823,Palazzo Cattaneo Adorno,Q3889823,,File:Lucretia by Artemisia Gentileschi.jpg,,https://upload.wikimedia.org/wikipedia/commons/8/83/Lucretia_by_Artemisia_Gentileschi.jpg,artemisia_unquestioned\UNQ_48_Lucrezia-1623.jpg,1010,1080,image/jpeg,2850b934c6daa911e3e566f3f279480c34680958,Public domain,,"The Athenaeum:  <a rel=""nofollow"" class=""external text"" href=""http://www.the-athenaeum.org"">Home</a> - <a rel=""nofollow"" class=""external text"" href=""http://www.the-athenaeum.org/art/detail.php?ID=122175"">info</a> - <a rel=""nofollow"" class=""external text"" href=""http://www.the-athenaeum.org/art/full.php?ID=122175"">pic</a>","<bdi><a href=""https://en.wikipedia.org/wiki/en:Artemisia_Gentileschi"" class=""extiw"" title=""w:en:Artemisia Gentileschi""><span title=""Italian Baroque painter (1593-1651)"">Artemisia Gentileschi</span></a></bdi>",Public domain,unquestioned,Italian title for Lucretia. Multiple secure versions throughout career. Getty 2021 acquisition authenticated.
Q29016877,Lucrezia,painting by Artemisia Gentileschi from 1643,1643,Museo di Capodimonte,Q290549,Museo di Capodimonte,Q290549,,File:Lucretia by Artemisia Gentileschi2.jpg,,https://upload.wikimedia.org/wikipedia/commons/d/da/Lucretia_by_Artemisia_Gentileschi2.jpg,artemisia_unquestioned\UNQ_49_Lucrezia-1643.jpg,938,1080,image/jpeg,ce5326229b1c4e470a58b82f2b9fe7d0feba4688,Public domain,,"<a rel=""nofollow"" class=""external free"" href=""https://artchive.ru/artists/6538~Artemizija_Dzhentileski/works/388230~Lukretsija"">https://artchive.ru/artists/6538~Artemizija_Dzhentileski/works/388230~Lukretsija</a>","<bdi><a href=""https://en.wikipedia.org/wiki/en:Artemisia_Gentileschi"" class=""extiw"" title=""w:en:Artemisia Gentileschi""><span title=""Italian Baroque painter (1593-1651)"">Artemisia Gentileschi</span></a></bdi> / <bdi><a href=""https://en.wikipedia.org/wiki/en:Massimo_Stanzione"" class=""extiw"" title=""w:en:Massimo Stanzione""><span title=""17th century Italian Baroque painter (1586–1656)"">Massimo Stanzione</span></a></bdi>",Public domain,unquestioned,Italian title for Lucretia. Multiple secure versions throughout career. Getty 2021 acquisition authenticated.
Q29016906,Corisca e il satiro,painting by Artemisia Gentileschi,1630,http://www.wikidata.org/.well-known/genid/7771fcd6a740e6c1e150d537e81ad7a0,7771fcd6a740e6c1e150d537e81ad7a0,private collection,Q768717,,File:Corisca and the Satyr by Artemisia Gentileschi.jpg,,https://upload.wikimedia.org/wikipedia/commons/thumb/3/3b/Corisca_and_the_Satyr_by_Artemisia_Gentileschi.jpg/2048px-Corisca_and_the_Satyr_by_Artemisia_Gentileschi.jpg,artemisia_unquestioned\UNQ_50_Corisca_e_il_satiro-1630.jpg,2048,1493,image/jpeg,e44eff5c8f1256d3bc53a8108a8e03a78f69ab09,Public domain,,"<a rel=""nofollow"" class=""external free"" href=""http://www.artribune.com/wp-content/uploads/2012/01/ART_24_bassa_1.jpg"">http://www.artribune.com/wp-content/uploads/2012/01/ART_24_bassa_1.jpg</a>","<bdi><a href=""https://en.wikipedia.org/wiki/en:Artemisia_Gentileschi"" class=""extiw"" title=""w:en:Artemisia Gentileschi""><span title=""Italian Baroque painter (1593-1651)"">Artemisia Gentileschi</span></a></bdi>",Public domain,unquestioned,"c.1630-35, private collection. Bissell WB 30, MET 74. Secure despite unusual subject."
Q29016921,Lot e le sue figlie,painting by Artemisia Gentileschi,1630,Toledo Museum of Art,Q1743116,Toledo Museum of Art,Q1743116,1983.107,"File:Gentileschi, Artemisia - Lot and his Daughters - 1635-1638.jpg",,https://upload.wikimedia.org/wikipedia/commons/4/48/Gentileschi%2C_Artemisia_-_Lot_and_his_Daughters_-_1635-1638.jpg,artemisia_unquestioned\UNQ_51_Lot_e_le_sue_figlie-1630.jpg,2000,2494,image/jpeg,0ed6e912d5bed618e8285cfe153ce4ea483b0562,Public domain,,"The Athenaeum:  <a rel=""nofollow"" class=""external text"" href=""http://www.the-athenaeum.org"">Home</a> - <a rel=""nofollow"" class=""external text"" href=""http://www.the-athenaeum.org/art/detail.php?ID=121588"">info</a> - <a rel=""nofollow"" class=""external text"" href=""http://www.the-athenaeum.org/art/full.php?ID=121588"">pic</a>","<bdi><a href=""https://en.wikipedia.org/wiki/en:Artemisia_Gentileschi"" class=""extiw"" title=""w:en:Artemisia Gentileschi""><span title=""Italian Baroque painter (1593-1651)"">Artemisia Gentileschi</span></a></bdi>",Public domain,unquestioned,"c.1635-38, Toledo Museum. Bissell WB 39, MET 78. Late secure work."
Q29016943,Madonna e Bambino con rosario,painting by Artemisia Gentileschi,1651,Royal Monastery of San Lorenzo de El Escorial,Q28471,Royal Monastery of San Lorenzo de El Escorial,Q28471,,File:La Vergine e il Bambino con il rosario Artemisia.jpg,,https://upload.wikimedia.org/wikipedia/commons/a/ab/La_Vergine_e_il_Bambino_con_il_rosario_Artemisia.jpg,artemisia_unquestioned\UNQ_52_Madonna_e_Bambino_con_rosario-1651.jpg,840,1080,image/jpeg,07454ad7a95cc8def346499994fc58cb22c1e7b6,Public domain,,"The Athenaeum:  <a rel=""nofollow"" class=""external text"" href=""http://www.the-athenaeum.org"">Home</a> - <a rel=""nofollow"" class=""external text"" href=""http://www.the-athenaeum.org/art/detail.php?ID=121625"">info</a> - <a rel=""nofollow"" class=""external text"" href=""http://www.the-athenaeum.org/art/full.php?ID=121625"">pic</a>","<bdi><a href=""https://en.wikipedia.org/wiki/en:Artemisia_Gentileschi"" class=""extiw"" title=""w:en:Artemisia Gentileschi""><span title=""Italian Baroque painter (1593-1651)"">Artemisia Gentileschi</span></a></bdi>",Public domain,unquestioned,"1651, El Escorial. Bissell WB 51, MET 84. Very late secure work."
Q29018074,Annunciazione,painting by Artemisia Gentileschi,1630,Museo di Capodimonte,Q290549,Museo di Capodimonte,Q290549,Q 375,File:Verkündigung an maria.jpg,,https://upload.wikimedia.org/wikipedia/commons/5/53/Verk%C3%BCndigung_an_maria.jpg,artemisia_unquestioned\UNQ_53_Annunciazione-1630.jpg,1411,2048,image/jpeg,40d723e1dcf8166f5dabf69d7c2be0cad994a530,Public domain,,"<a rel=""nofollow"" class=""external free"" href=""http://www.gazzettadinapoli.it/wp-content/uploads/2015/05/Artemisia_Gentileschi_Annunciazione_-_Na_Museo_di_Capodimonte_ridotta.jpg"">http://www.gazzettadinapoli.it/wp-content/uploads/2015/05/Artemisia_Gentileschi_Annunciazione_-_Na_Museo_di_Capodimonte_ridotta.jpg</a>","<bdi><a href=""https://en.wikipedia.org/wiki/en:Artemisia_Gentileschi"" class=""extiw"" title=""w:en:Artemisia Gentileschi""><span title=""Italian Baroque painter (1593-1651)"">Artemisia Gentileschi</span></a></bdi> / <bdi>Attributed to <a href=""https://en.wikipedia.org/wiki/en:Artemisia_Gentileschi"" class=""extiw"" title=""w:en:Artemisia Gentileschi""><span title=""Italian Baroque painter (1593-1651)"">Artemisia Gentileschi</span></a></bdi>",Public domain,unquestioned,"1630, Capodimonte. Bissell WB 24, MET 72. Major Naples commission. Secure attribution."
Q29018109,Maddalena penitente,1631 painting by Artemisia Gentileschi,1631,http://www.wikidata.org/.well-known/genid/a4744e9854991c57aa20673e5d0cdcdc,a4744e9854991c57aa20673e5d0cdcdc,private collection,Q768717,,File:Artemisia Gentileschi Mary Magdalene3.jpg,,https://upload.wikimedia.org/wikipedia/commons/a/ad/Artemisia_Gentileschi_Mary_Magdalene3.jpg,artemisia_unquestioned\UNQ_54_Maddalena_penitente-1631.jpg,1790,2362,image/jpeg,b4b89fb5da63e21bfcf0e4c4436a834b779148da,Public domain,,"<a rel=""nofollow"" class=""external free"" href=""http://www.artribune.com/wp-content/uploads/2012/01/ART_42new_bassa_1.jpg"">http://www.artribune.com/wp-content/uploads/2012/01/ART_42new_bassa_1.jpg</a>","<bdi><a href=""https://en.wikipedia.org/wiki/en:Artemisia_Gentileschi"" class=""extiw"" title=""w:en:Artemisia Gentileschi""><span title=""Italian Baroque painter (1593-1651)"">Artemisia Gentileschi</span></a></bdi>",Public domain,unquestioned,Italian for Penitent Magdalene. Multiple secure versions in major collections throughout career.
Q29018250,Venus Embracing Cupid,painting by Artemisia Gentileschi,1640,http://www.wikidata.org/.well-known/genid/4329fb6d53203cda4d2dea392be4e81c,4329fb6d53203cda4d2dea392be4e81c,private collection,Q768717,,File:Venere e Cupido - A. Gentileschi.png,,https://upload.wikimedia.org/wikipedia/commons/b/b2/Venere_e_Cupido_-_A._Gentileschi.png,artemisia_unquestioned\UNQ_55_Venus_Embracing_Cupid-1640.jpg,1013,721,image/png,bfb141fb7d5676f00f6d5b3887352f6a1be9b941,Public domain,,scansione,"<bdi><a href=""https://en.wikipedia.org/wiki/en:Artemisia_Gentileschi"" class=""extiw"" title=""w:en:Artemisia Gentileschi""><span title=""Italian Baroque painter (1593-1651)"">Artemisia Gentileschi</span></a></bdi>",Public domain,unquestioned,"1640s, private collection. Bissell WB 31, MET 82. Late secure work."
Q29018620,Susannah and the Elders,painting by Artemisia Gentileschi in Nottingham Castle,1630,Nottingham Castle Ducal Mansion,Q1799649,Nottingham Castle Ducal Mansion,Q1799649,NCM 1964-77,File:Artemisia Gentileschi - Susanna and the Elders NOT NCMG 1964 77.jpg,,https://upload.wikimedia.org/wikipedia/commons/1/11/Artemisia_Gentileschi_-_Susanna_and_the_Elders_NOT_NCMG_1964_77.jpg,artemisia_unquestioned\UNQ_56_Susannah_and_the_Elders-1630.jpg,702,944,image/jpeg,c32a33d275785619de3f7b56a4bda7c5fe1e4bf3,Public domain,,"<a href=""https://en.wikipedia.org/wiki/en:Art_UK"" class=""extiw"" title=""w:en:Art UK""><span title=""arts charity registered in England and Wales"">Art UK</span></a>:  entry  <a rel=""nofollow"" class=""external text"" href=""http://www.artuk.org/artworks/susannah-and-the-elders-46877"">susannah-and-the-elders-46877</a>","<bdi>After <a href=""https://en.wikipedia.org/wiki/en:Artemisia_Gentileschi"" class=""extiw"" title=""w:en:Artemisia Gentileschi""><span title=""Italian Baroque painter (1593-1651)"">Artemisia Gentileschi</span></a></bdi>",Public domain,unquestioned,English title. Multiple secure versions in Bissell and post-Bissell scholarship.
Q29018744,Aurora,painting by Artemisia Gentileschi,1627,http://www.wikidata.org/.well-known/genid/96a2991be0ac7797737fe0cecde6c5e3,96a2991be0ac7797737fe0cecde6c5e3,private collection,Q768717,,File:Aurora-Gentileschi.jpg,,https://upload.wikimedia.org/wikipedia/commons/0/00/Aurora-Gentileschi.jpg,artemisia_unquestioned\UNQ_57_Aurora-1627.jpg,800,1211,image/jpeg,95ce0b1fa6a4aef590dbae630ebad937fc588c13,Public domain,,"The Athenaeum:  <a rel=""nofollow"" class=""external text"" href=""http://www.the-athenaeum.org"">Home</a> - <a rel=""nofollow"" class=""external text"" href=""http://www.the-athenaeum.org/art/detail.php?ID=23445"">info</a> - <a rel=""nofollow"" class=""external text"" href=""http://www.the-athenaeum.org/art/full.php?ID=23445"">pic</a>","<bdi><a href=""https://en.wikipedia.org/wiki/en:Artemisia_Gentileschi"" class=""extiw"" title=""w:en:Artemisia Gentileschi""><span title=""Italian Baroque painter (1593-1651)"">Artemisia Gentileschi</span></a></bdi>",Public domain,unquestioned,"1625-27, private collection. Bissell WB 15, MET Figure 96. Secure attribution."
Q29019486,Saint Proculus of Pozzuoli and his mother Santa Nicaea,painting by Artemsia Gentileschi,1637,Pozzuoli Cathedral,Q1239998,Pozzuoli Cathedral,Q1239998,,"File:Artemisia gentileschi, i santi procolo e nicea, 1631 ca..JPG",,https://upload.wikimedia.org/wikipedia/commons/9/95/Artemisia_gentileschi%2C_i_santi_procolo_e_nicea%2C_1631_ca..JPG,artemisia_unquestioned\UNQ_58_Saint_Proculus_of_Pozzuoli_and_his_mother_Santa_Nicaea-1637.jpg,1718,2985,image/jpeg,551d2c652a735f2ea3b735ba6ae848e1c9ea1eda,Public domain,,"<span class=""int-own-work"" lang=""en"">Own work</span>","<a href=""//commons.wikimedia.org/wiki/User:Sailko"" title=""User:Sailko"">Sailko</a>",Public domain,unquestioned,"c.1636-37, Capodimonte. Bissell WB 33a, MET Figure 143. Part of cathedral commission."
Q29021053,Giuditta e la fantesca Abra con la testa di Oloferne,painting by Artemisia Gentileschi in the Museo di Capodimonte,1645,Museo di Capodimonte,Q290549,Museo di Capodimonte,Q290549,Q 377,File:Judith and her maid Abra with the Head of Holofernes by Artemisia Gentileschi ca. 1645-1650.jpg,,https://upload.wikimedia.org/wikipedia/commons/b/bb/Judith_and_her_maid_Abra_with_the_Head_of_Holofernes_by_Artemisia_Gentileschi_ca._1645-1650.jpg,artemisia_unquestioned\UNQ_59_Giuditta_e_la_fantesca_Abra_con_la_testa_di_Oloferne-1645.jpg,1889,2324,image/jpeg,3253480627c80b05738343ad48921ad233a23c74,Public domain,,"<a rel=""nofollow"" class=""external free"" href=""http://www.artribune.com/wp-content/uploads/2012/01/ART_19_bassa_1.jpg"">http://www.artribune.com/wp-content/uploads/2012/01/ART_19_bassa_1.jpg</a>","<bdi><a href=""https://en.wikipedia.org/wiki/en:Artemisia_Gentileschi"" class=""extiw"" title=""w:en:Artemisia Gentileschi""><span title=""Italian Baroque painter (1593-1651)"">Artemisia Gentileschi</span></a></bdi>",Public domain,unquestioned,Judith and Abra with Holofernes' head. Variant of secure Detroit or Capodimonte versions.
Q29021098,Giuditta e la fantesca con la testa di Oloferne,painting by Artemisia Gentileschi in the Musée de la Castre,1645,Musée des Explorations du Monde,Q3329886,Musée des Explorations du Monde,Q3329886,2006.O.751,File:Judith and her maid with the Head of Holofernes by Artemisia Gentileschi ca. 1645-1650.jpg,,https://upload.wikimedia.org/wikipedia/commons/3/31/Judith_and_her_maid_with_the_Head_of_Holofernes_by_Artemisia_Gentileschi_ca._1645-1650.jpg,artemisia_unquestioned\UNQ_60_Giuditta_e_la_fantesca_con_la_testa_di_Oloferne-1645.jpg,790,1080,image/jpeg,322c72f0e6f265ff2be79927368207f38333e31b,Public domain,,"<a rel=""nofollow"" class=""external free"" href=""http://s1.lemde.fr/image/2012/03/14/449x612/1668058_6_f511_judith-et-la-servante-ave.jpg"">http://s1.lemde.fr/image/2012/03/14/449x612/1668058_6_f511_judith-et-la-servante-ave.jpg</a>","<bdi><a href=""https://en.wikipedia.org/wiki/en:Artemisia_Gentileschi"" class=""extiw"" title=""w:en:Artemisia Gentileschi""><span title=""Italian Baroque painter (1593-1651)"">Artemisia Gentileschi</span></a></bdi>",Public domain,unquestioned,"Another Judith with maidservant. If Cannes 1640s: WB 47, Locker Figure 3.31."
Q29021344,Christ Blessing the Children,painting by Artemisia Gentileschi,1626,Metropolitan Museum of Art,Q160236,San Carlo al Corso,Q1631620,27.106,File:Sinite Parvulos - A. Gentileschi.png,,https://upload.wikimedia.org/wikipedia/commons/2/24/Sinite_Parvulos_-_A._Gentileschi.png,artemisia_unquestioned\UNQ_61_Christ_Blessing_the_Children-1626.jpg,1100,1505,image/png,52016f53bbdd499f44696dbe2af24d51f411e053,Public domain,,"<a rel=""nofollow"" class=""external autonumber"" href=""http://burlington.org.uk/archive/back-issues/201212"">[1]</a>","<bdi><a href=""https://en.wikipedia.org/wiki/en:Artemisia_Gentileschi"" class=""extiw"" title=""w:en:Artemisia Gentileschi""><span title=""Italian Baroque painter (1593-1651)"">Artemisia Gentileschi</span></a></bdi>",Public domain,unquestioned,"c.1624-25, San Carlo al Corso, Rome. MET Figure 132. Signature revealed in 2012 restoration."
Q29021527,Sansone e Dalila,painting by Artemisia Gentileschi,1638,Museo di Capodimonte,Q290549,Museo di Capodimonte,Q290549,,File:Samson und delilah.jpg,,https://upload.wikimedia.org/wikipedia/commons/7/73/Samson_und_delilah.jpg,artemisia_unquestioned\UNQ_62_Sansone_e_Dalila-1638.jpg,1772,1486,image/jpeg,bc9e57023cb180ec555cb0d2926800b52188ccc8,Public domain,,"<a rel=""nofollow"" class=""external free"" href=""http://www.napolipost.com/wp-content/uploads/2014/06/2-Artemisia-Gentileschi-Sansone-e-Dalila.jpg"">http://www.napolipost.com/wp-content/uploads/2014/06/2-Artemisia-Gentileschi-Sansone-e-Dalila.jpg</a>","<bdi><a href=""https://en.wikipedia.org/wiki/en:Artemisia_Gentileschi"" class=""extiw"" title=""w:en:Artemisia Gentileschi""><span title=""Italian Baroque painter (1593-1651)"">Artemisia Gentileschi</span></a></bdi>",Public domain,unquestioned,"1630-38, Palazzo Zevallos Naples. Bissell WB 35. Secure Naples period work."
Q29021642,Giuditta e la sua ancella Abra con la testa di Oloferne,painting by Artemisia Gentileschi,1610,http://www.wikidata.org/.well-known/genid/33441a72dd5d052299d963938ce73a28,33441a72dd5d052299d963938ce73a28,private collection,Q768717,,File:Gentileschi Judith Lemme.jpg,,https://upload.wikimedia.org/wikipedia/commons/7/7e/Gentileschi_Judith_Lemme.jpg,artemisia_unquestioned\UNQ_63_Giuditta_e_la_sua_ancella_Abra_con_la_testa_di_Oloferne-1610.jpg,1092,1500,image/jpeg,2760caf4eb0e3c799263b4b41f5e4b4a3ed190a3,Public domain,,"<a rel=""nofollow"" class=""external free"" href=""http://www.sightswithin.com/Artemisia.Gentileschi/Giuditta_con_la_sua_ancella_(1611-1614).jpg"">http://www.sightswithin.com/Artemisia.Gentileschi/Giuditta_con_la_sua_ancella_(1611-1614).jpg</a>","<bdi><a href=""https://en.wikipedia.org/wiki/en:Artemisia_Gentileschi"" class=""extiw"" title=""w:en:Artemisia Gentileschi""><span title=""Italian Baroque painter (1593-1651)"">Artemisia Gentileschi</span></a></bdi> / <bdi><a href=""https://en.wikipedia.org/wiki/en:Orazio_Gentileschi"" class=""extiw"" title=""w:en:Orazio Gentileschi""><span title=""Italian painter (1563–1639)"">Orazio Gentileschi</span></a></bdi> / <bdi><a href=""https://en.wikipedia.org/wiki/en:Angelo_Caroselli"" class=""extiw"" title=""w:en:Angelo Caroselli""><span title=""Italian painter (1585-1652)"">Angelo Caroselli</span></a></bdi>",Public domain,unquestioned,Another Judith variant. Multiple secure versions documented in Bissell.
Q29021696,Maria Maddalena in estasi,painting by Artemisia Gentileschi,1623,http://www.wikidata.org/.well-known/genid/b6dda20fed2f393278e916a743bed0d0,b6dda20fed2f393278e916a743bed0d0,private collection,Q768717,,File:Artemisia Gentileschi - Mary Magdalene in Ecstasy.jpg,,https://upload.wikimedia.org/wikipedia/commons/thumb/8/84/Artemisia_Gentileschi_-_Mary_Magdalene_in_Ecstasy.jpg/2048px-Artemisia_Gentileschi_-_Mary_Magdalene_in_Ecstasy.jpg,artemisia_unquestioned\UNQ_64_Maria_Maddalena_in_estasi-1623.jpg,2048,1520,image/jpeg,e19b2279ae75ae022b009bb547f70461c4bc1db6,Public domain,,"<p><a rel=""nofollow"" class=""external free"" href=""http://www.thehistoryblog.com/wp-content/uploads/2014/06/Mary-Magdalene-by-Artemisia-Gentileschi.jpg"">http://www.thehistoryblog.com/wp-content/uploads/2014/06/Mary-Magdalene-by-Artemisia-Gentileschi.jpg</a>
</p>
or <a href=""https://en.wikipedia.org/wiki/en:Web_Gallery_of_Art"" class=""extiw"" title=""w:en:Web Gallery of Art""><span title=""virtual art gallery for European fine art created before 1900"">Web Gallery of Art</span></a>:  <span typeof=""mw:File""><a href=""http://www.wga.hu/art/g/gentiles/artemisi/marymagd.jpg"" rel=""nofollow""><img src=""https://upload.wikimedia.org/wikipedia/commons/thumb/6/6f/Inkscape.svg/20px-Inkscape.svg.png"" decoding=""async"" width=""20"" height=""20"" class=""mw-file-element"" srcset=""https://upload.wikimedia.org/wikipedia/commons/thumb/6/6f/Inkscape.svg/40px-Inkscape.svg.png 1.5x"" data-file-width=""60"" data-file-height=""60""></a></span> <a rel=""nofollow"" class=""external text"" href=""http://www.wga.hu/art/g/gentiles/artemisi/marymagd.jpg"">Image</a> <span typeof=""mw:File""><a href=""http://www.wga.hu/html/g/gentiles/artemisi/marymagd.html"" rel=""nofollow""><img src=""https://upload.wikimedia.org/wikipedia/commons/thumb/3/35/Information_icon.svg/20px-Information_icon.svg.png"" decoding=""async"" width=""20"" height=""20"" class=""mw-file-element"" srcset=""https://upload.wikimedia.org/wikipedia/commons/thumb/3/35/Information_icon.svg/40px-Information_icon.svg.png 1.5x"" data-file-width=""620"" data-file-height=""620""></a></span> <a rel=""nofollow"" class=""external text"" href=""http://www.wga.hu/html/g/gentiles/artemisi/marymagd.html"">Info about artwork</a><div style=""display: none;"">wga QS:P11807,""g/gentiles/artemisi/marymagd""</div>","<bdi><a href=""https://en.wikipedia.org/wiki/en:Artemisia_Gentileschi"" class=""extiw"" title=""w:en:Artemisia Gentileschi""><span title=""Italian Baroque painter (1593-1651)"">Artemisia Gentileschi</span></a></bdi>",Public domain,unquestioned,Italian for Mary Magdalene in Ecstasy. Authenticated work.
Q29022638,Maddalena penitente,1629 painting by Artemisia Gentileschi,1629,Museum Correale,Q2743852,Museum Correale,Q2743852,,File:Maddalena penitente Artemisia.jpg,,https://upload.wikimedia.org/wikipedia/commons/2/29/Maddalena_penitente_Artemisia.jpg,artemisia_unquestioned\UNQ_65_Maddalena_penitente-1629.jpg,996,1376,image/jpeg,818a3af4d4cc85e1c72c070834e015d4172f2971,Public domain,,"<a rel=""nofollow"" class=""external free"" href=""http://www.1fmediaproject.net/new/wp-content/uploads/2011/09/ART_51.jpg"">http://www.1fmediaproject.net/new/wp-content/uploads/2011/09/ART_51.jpg</a>","<bdi><a href=""https://en.wikipedia.org/wiki/en:Artemisia_Gentileschi"" class=""extiw"" title=""w:en:Artemisia Gentileschi""><span title=""Italian Baroque painter (1593-1651)"">Artemisia Gentileschi</span></a></bdi>",Public domain,unquestioned,Italian for Penitent Magdalene. Multiple secure versions in major collections throughout career.
Q29023223,Santa Caterina di Alessandria,painting by Artemisia Gentileschi,1630,http://www.wikidata.org/.well-known/genid/5a053632ba865fc844d624de5f6ec253,5a053632ba865fc844d624de5f6ec253,private collection,Q768717,,File:Artemisia Gentileschi - St Catherine of Alexandria - WGA8571.jpg,,https://upload.wikimedia.org/wikipedia/commons/d/db/Artemisia_Gentileschi_-_St_Catherine_of_Alexandria_-_WGA8571.jpg,artemisia_unquestioned\UNQ_66_Santa_Caterina_di_Alessandria-1630.jpg,1000,1266,image/jpeg,0a53c825d5f1c4c3abfb526a8c54e94ffe7e5e79,Public domain,,"<a rel=""nofollow"" class=""external free"" href=""http://www.sothebys.com/en/auctions/ecatalogue/2006/important-old-master-paintings-n08162/lot.69.html"">http://www.sothebys.com/en/auctions/ecatalogue/2006/important-old-master-paintings-n08162/lot.69.html</a>","<bdi><a href=""https://en.wikipedia.org/wiki/en:Artemisia_Gentileschi"" class=""extiw"" title=""w:en:Artemisia Gentileschi""><span title=""Italian Baroque painter (1593-1651)"">Artemisia Gentileschi</span></a></bdi>",Public domain,unquestioned,"If Uffizi c.1618-19: Bissell WB 6, MET 59. X-ray revealed self-portrait beneath. If Stockholm: secure post-Bissell attribution."
Q29023829,Santa Caterina di Alessandria,painting by Artemisia Gentileschi,1620,El Paso Museum of Art,Q5351782,Samuel H. Kress Collection,Q2074027,K-2153,"File:Artemisia Gentileschi - 'Saint Catherine of Alexandria', oil on canvas painting, c. 1620, El Paso Museum of Art.jpg",,https://upload.wikimedia.org/wikipedia/commons/4/49/Artemisia_Gentileschi_-_%27Saint_Catherine_of_Alexandria%27%2C_oil_on_canvas_painting%2C_c._1620%2C_El_Paso_Museum_of_Art.jpg,artemisia_unquestioned\UNQ_67_Santa_Caterina_di_Alessandria-1620.jpg,1177,1544,image/jpeg,995e4a4a78974a547c9944fe26c5badbb71ce6aa,Public domain,,"The Athenaeum:  <a rel=""nofollow"" class=""external text"" href=""http://www.the-athenaeum.org"">Home</a> - <a rel=""nofollow"" class=""external text"" href=""http://www.the-athenaeum.org/art/detail.php?ID=121581"">info</a> - <a rel=""nofollow"" class=""external text"" href=""http://www.the-athenaeum.org/art/full.php?ID=121581"">pic</a>","<bdi><a href=""https://en.wikipedia.org/wiki/en:Artemisia_Gentileschi"" class=""extiw"" title=""w:en:Artemisia Gentileschi""><span title=""Italian Baroque painter (1593-1651)"">Artemisia Gentileschi</span></a></bdi> / <bdi><a href=""https://en.wikipedia.org/wiki/en:Orazio_Gentileschi"" class=""extiw"" title=""w:en:Orazio Gentileschi""><span title=""Italian painter (1563–1639)"">Orazio Gentileschi</span></a></bdi>",Public domain,unquestioned,"If Uffizi c.1618-19: Bissell WB 6, MET 59. X-ray revealed self-portrait beneath. If Stockholm: secure post-Bissell attribution."
Q29044280,Judith og tjenestekvinnen med Holofernes' hode,painting by Orazio Gentileschi,1608,"National Museum of Art, Architecture and Design",Q1132918,"National Museum of Art, Architecture and Design",Q1132918,NG.M.02073,"File:Orazio Gentileschi, Artemisia Gentileschi - Judith and her Maidservant with the Head of Holofernes - NG.M.02073 - National Museum of Art, Architecture and Design.jpg",,https://upload.wikimedia.org/wikipedia/commons/thumb/d/d6/Orazio_Gentileschi%2C_Artemisia_Gentileschi_-_Judith_and_her_Maidservant_with_the_Head_of_Holofernes_-_NG.M.02073_-_National_Museum_of_Art%2C_Architecture_and_Design.jpg/2048px-thumbnail.jpg,artemisia_unquestioned\UNQ_68_Judith_og_tjenestekvinnen_med_Holofernes_hode-1608.jpg,2048,1753,image/jpeg,22e4a46ad4825e3c41f1677c627f5cbe6f92a996,Public domain,,"<a rel=""nofollow"" class=""external text"" href=""https://www.nasjonalmuseet.no//en/collection/object/NG.M.02073"">National Museum of Art, Architecture and Design</a> <span class=""mw-valign-text-top"" typeof=""mw:File/Frameless""><a href=""//commons.wikimedia.org/wiki/File:OOjs_UI_icon_edit-ltr-progressive.svg"" class=""mw-file-description"" title=""Edit this at Structured Data on Commons""><img alt=""Edit this at Structured Data on Commons"" src=""https://upload.wikimedia.org/wikipedia/commons/thumb/8/8a/OOjs_UI_icon_edit-ltr-progressive.svg/20px-OOjs_UI_icon_edit-ltr-progressive.svg.png"" decoding=""async"" width=""10"" height=""10"" class=""mw-file-element"" data-file-width=""20"" data-file-height=""20""></a></span>","<bdi>Possibly <a href=""https://en.wikipedia.org/wiki/en:Artemisia_Gentileschi"" class=""extiw"" title=""w:en:Artemisia Gentileschi""><span title=""Italian Baroque painter (1593-1651)"">Artemisia Gentileschi</span></a></bdi> / <bdi><a href=""https://en.wikipedia.org/wiki/en:Orazio_Gentileschi"" class=""extiw"" title=""w:en:Orazio Gentileschi""><span title=""Italian painter (1563–1639)"">Orazio Gentileschi</span></a></bdi>",Public domain,unquestioned,Norwegian title for Judith and maidservant. Secure composition in multiple versions.
Q30605361,Susanna and the Elders,painting by Artemisia Gentileschi in the Pinacoteca Nazionale di Bologna,1652,Pinacoteca Nazionale di Bologna,Q1103550,Pinacoteca Nazionale di Bologna,Q1103550,,File:Artemisia Gentileschi - Susanna and the Elders near a Balcony.jpg,,https://upload.wikimedia.org/wikipedia/commons/thumb/5/5e/Artemisia_Gentileschi_-_Susanna_and_the_Elders_near_a_Balcony.jpg/2048px-Artemisia_Gentileschi_-_Susanna_and_the_Elders_near_a_Balcony.jpg,artemisia_unquestioned\UNQ_69_Susanna_and_the_Elders-1652.jpg,2048,1836,image/jpeg,8931744c58fadf971c2adca0ff258cd0fab9bea8,Public domain,,"<a rel=""nofollow"" class=""external free"" href=""http://roma.corriere.it/foto-gallery/cronaca/16_gennaio_24/orazio-artemisia-gentileschi-capolavori-padre-figlia-3a63199e-c27e-11e5-9b69-aff8e7a41687.shtml"">http://roma.corriere.it/foto-gallery/cronaca/16_gennaio_24/orazio-artemisia-gentileschi-capolavori-padre-figlia-3a63199e-c27e-11e5-9b69-aff8e7a41687.shtml</a>","<bdi><a href=""https://en.wikipedia.org/wiki/en:Artemisia_Gentileschi"" class=""extiw"" title=""w:en:Artemisia Gentileschi""><span title=""Italian Baroque painter (1593-1651)"">Artemisia Gentileschi</span></a></bdi>",Public domain,unquestioned,"1610 Pommersfelden version. Bissell WB 2, MET 51. Signed 'ARTEMITIA GENTILESCHI F[ECIT] 1610'. First signed work. Universally accepted."
Q55429769,Self portrait of Artemisia Gentileschi (1593-1654) as Saint Catherine,painting by Artemisia Gentileschi,1616,National Gallery,Q180788,National Gallery,Q180788,NG6671,File:Self-Portrait as Saint Catherine of Alexandria (Gentileschi).jpg,,https://upload.wikimedia.org/wikipedia/commons/thumb/7/7a/Self-Portrait_as_Saint_Catherine_of_Alexandria_%28Gentileschi%29.jpg/2048px-Self-Portrait_as_Saint_Catherine_of_Alexandria_%28Gentileschi%29.jpg,artemisia_unquestioned\UNQ_70_Self_portrait_of_Artemisia_Gentileschi_1593-1654_as_Saint_Catherine-1616.jpg,2048,2129,image/jpeg,00f9058ed9036149175ae6c5112398d9ea0f2096,Public domain,,"<a rel=""nofollow"" class=""external free"" href=""https://www.nationalgallery.org.uk/paintings/artemisia-gentileschi-self-portrait-as-saint-catherine-of-alexandria"">https://www.nationalgallery.org.uk/paintings/artemisia-gentileschi-self-portrait-as-saint-catherine-of-alexandria</a>","<bdi><a href=""https://en.wikipedia.org/wiki/en:Artemisia_Gentileschi"" class=""extiw"" title=""w:en:Artemisia Gentileschi""><span title=""Italian Baroque painter (1593-1651)"">Artemisia Gentileschi</span></a></bdi>",Public domain,unquestioned,Full descriptive title. National Gallery London acquisition 2018.
Q55431936,Den angrende Maria Magdalena,painting by Artemisia Gentileschi,1640,"National Museum of Art, Architecture and Design",Q1132918,"National Museum of Art, Architecture and Design",Q1132918,NG.M.00236,"File:Artemisia Gentileschi - Mary Magdalene penitent - NG.M.00236 - National Museum of Art, Architecture and Design.jpg",,https://upload.wikimedia.org/wikipedia/commons/thumb/0/00/Artemisia_Gentileschi_-_Mary_Magdalene_penitent_-_NG.M.00236_-_National_Museum_of_Art%2C_Architecture_and_Design.jpg/2048px-Artemisia_Gentileschi_-_Mary_Magdalene_penitent_-_NG.M.00236_-_National_Museum_of_Art%2C_Architecture_and_Design.jpg,artemisia_unquestioned\UNQ_71_Den_angrende_Maria_Magdalena-1640.jpg,2048,1720,image/jpeg,ab22570e738195c52bf060e41359943e0c815572,Public domain,,"<a rel=""nofollow"" class=""external text"" href=""https://www.nasjonalmuseet.no//en/collection/object/NG.M.00236"">National Museum of Art, Architecture and Design</a> <span class=""mw-valign-text-top"" typeof=""mw:File/Frameless""><a href=""//commons.wikimedia.org/wiki/File:OOjs_UI_icon_edit-ltr-progressive.svg"" class=""mw-file-description"" title=""Edit this at Structured Data on Commons""><img alt=""Edit this at Structured Data on Commons"" src=""https://upload.wikimedia.org/wikipedia/commons/thumb/8/8a/OOjs_UI_icon_edit-ltr-progressive.svg/20px-OOjs_UI_icon_edit-ltr-progressive.svg.png"" decoding=""async"" width=""10"" height=""10"" class=""mw-file-element"" data-file-width=""20"" data-file-height=""20""></a></span>","<bdi><a href=""https://en.wikipedia.org/wiki/en:Artemisia_Gentileschi"" class=""extiw"" title=""w:en:Artemisia Gentileschi""><span title=""Italian Baroque painter (1593-1651)"">Artemisia Gentileschi</span></a></bdi>",Public domain,unquestioned,Danish for Penitent Mary Magdalene. Multiple secure versions exist.
